date,arrival,macao casino,tiger airways,cathay pacific,macau travel blog,map of macau,cheap flights,royal hotel,cebu pacific,jetstar,thailand,flights to macau,wing on travel,china map,agoda,macao,asia travel,china,weather in macau,macau best food,ferry terminal,hong kong light show,bangkok,macau airport,china travel,what to do in macau,shopping in macau,macau weather,macau hotel,weather forecast,hong kong,iifa awards 2013 full show,weather forecast in macau,venetian,galaxy,best food in macau,venetian hotel,travel to macau,mgm,city of dreams,the house of dancing water,weather hk,hong kong disneyland,macau ferry,air asia,weather singapore,sands casino,lisboa casino,singapore to macau,shopping in macau,singapore airlines,macau tourism,macau weather,world map,google flights,hotel lisboa,google map,macau weather,galaxy casino,macau tourism,wynn casino,macao restaurant,house of dancing water,travel agency,macau map,ozone bar hong kong,galaxy hotel,hotel in macau,weather forecast in macau,venetian casino,airasia,macau map,macau ferry terminal,bali,hong kong casino,skyscanner,AGODA,Skyscanner,shows in macau,singapore to macau,macau airlines,macau on map,macau venetian,galaxy macau hotel,macau grand hotel,macau tauranga,casino in macau,macau ferry terminal,macau restaurant jamaica,macau food festival,hong kong to macau travel time,venetian hotel macau,macau nightlife,macau hotel venetian,hotel in macau,flights to macau,weather in macau,macau restaurant menu,macaulay culkin,dancing water show macau schedule,best food in macau,hotel macau,city of dreams macau,hong kong airport to macau,dancing water macau,macau portuguese restaurant,macau china weather,macau gaming lounge & bar,galaxy macau,hong kong ferry to macau,macau chinese restaurant,hk to macau ferry,casinos macau,macau tourism,macau shows,hong kong macau,macau food festival 2015,macau restaurants,best restaurant in macau,macau water show,galaxy casino macau,macau restaurant hong kong,hongkong macau,weather in macau in december,accommodation in macau,venetian macau shopping,agoda macau,heart bar macau,weather forecast in macau,macau cheap flights,macau food blog,macau tourism board,flights to macau from singapore,macau packages,macau travel blog,macau gaming show,hong kong macau map,macau time,macau weather today,best hotel macau,halal food in macau,macau show bar,hotel lisboa macau,from hong kong to macau,venetian casino macau,venetian macau casino,shopping in macau,macau food festival 2014,venetian macau,macau shopping mall,macau shopping guide,ferry macau to hong kong airport,hk to macau,macau food guide,casino lisboa macau,hong kong to macau ferry,macau hotels,macau food festival 2017,air macau,macau things to do,macau china,what to do in macau,wing on travel macau,macau food festival 2012,hong kong to macau,macau city,macau light show,map of macau,macau weather december,macau airport,hongkong macau ferry,macau restaurant tauranga,ferry to macau,macau hk ferry,wynn macau,macau food festival 2016,macau casino,macau island,restaurants in macau,macau ferry,ferry macau hong kong,macau ferry terminal hong kong,macau ferry from hong kong,macau ferry terminal map,iifa awards 2013 macau full show,macau galaxy,macau map,macau world map,macau package,grand macau casino,macau tower,macau hong kong,food festival macau,macaulay culkin
2011-01,2076066,76,80,56,44,76,100,95,82,68,51,80,43,80,34,58,100,91,57,0,34,30,64,72,87,56,51,64,72,95,85,0,24,93,21,0,100,75,73,21,69,54,67,74,32,56,54,45,84,51,99,92,64,67,5,75,78,64,34,92,81,84,89,100,71,0,37,80,24,100,26,71,47,48,74,17,13838,2728,88,59,100,14,56,21,67,0,66,47,0,16,52,62,61,62,80,80,57,0,26,0,0,72,62,37,70,58,79,0,19,54,34,54,69,92,74,75,0,49,21,86,22,73,62,0,84,73,42,0,24,49,43,53,72,45,31,0,55,19,14,97,0,72,52,66,65,65,51,0,56,23,0,39,46,60,55,54,81,0,89,35,62,25,38,0,59,32,27,76,8,72,50,0,55,70,88,0,59,48,29,74,69,34,44,56,0,19,71,43,61,64,65,75,16,2944
2011-02,2164249,46,78,53,45,76,93,92,92,71,48,52,47,77,34,55,88,86,73,39,34,44,60,76,82,58,54,61,67,85,83,0,56,93,23,0,88,76,66,19,68,50,74,74,32,39,52,40,80,54,91,70,61,70,5,84,79,61,33,70,84,88,98,92,72,0,40,80,56,87,29,72,66,43,73,16,14322,2665,65,70,82,52,55,25,62,0,59,66,0,11,0,73,67,73,80,52,73,0,9,73,39,67,56,55,76,41,92,0,15,63,47,67,72,70,37,77,0,49,22,46,11,69,59,27,29,38,32,0,56,45,0,71,25,65,65,0,76,22,29,78,0,0,60,78,32,32,54,0,55,24,0,53,42,42,25,63,79,0,74,37,60,81,0,0,61,34,57,76,8,76,64,0,64,64,75,0,63,82,31,74,75,56,71,51,0,15,72,68,55,76,64,77,11,2617
2011-03,2190865,61,84,56,47,86,90,90,81,75,55,65,49,100,36,62,93,95,74,24,39,51,60,77,97,57,53,63,75,76,94,0,73,89,24,72,78,69,67,21,87,59,77,76,29,41,52,55,85,53,89,84,63,100,4,87,83,63,48,84,80,91,100,90,100,5,41,74,73,80,25,100,45,42,66,16,17482,3527,84,59,82,41,77,20,76,0,82,45,0,0,25,68,85,68,74,65,74,40,7,0,24,75,89,58,85,37,98,0,18,60,21,45,56,84,71,77,0,51,20,100,34,69,58,0,27,69,40,0,73,59,41,100,34,75,29,0,96,21,9,68,72,0,70,61,84,84,53,0,77,43,0,64,62,38,52,60,68,0,84,48,67,40,42,36,58,38,26,86,8,77,78,0,65,53,78,0,74,59,37,76,62,48,54,33,0,18,100,67,59,53,54,77,0,2592
2011-04,2338449,44,83,53,48,83,84,92,81,73,48,77,45,77,38,65,92,90,72,25,48,30,57,75,100,61,66,53,79,81,87,0,24,90,28,52,79,86,64,23,100,46,75,87,28,42,47,55,88,66,88,86,53,61,4,94,80,53,35,86,86,97,100,87,92,17,44,73,24,97,24,92,70,42,70,15,16746,3210,71,63,100,79,92,32,59,0,55,70,0,0,53,90,85,90,73,77,72,22,7,0,25,79,90,62,100,49,72,0,21,64,80,61,49,86,58,83,0,49,64,70,14,74,77,0,57,61,51,0,24,100,0,84,60,66,47,0,81,24,18,73,52,0,75,64,97,97,66,0,92,0,55,62,60,40,43,64,78,0,79,38,67,50,26,0,69,43,0,83,8,75,63,0,82,59,80,0,62,73,35,87,66,60,60,35,0,21,92,60,61,49,67,83,0,2596
2011-05,2295551,62,79,56,47,79,85,92,71,68,48,78,56,75,38,58,93,88,60,24,51,32,59,82,90,62,87,50,93,80,86,0,22,92,32,0,73,85,63,24,61,42,73,87,32,44,56,32,89,87,92,77,50,63,5,87,79,50,84,77,85,64,94,86,83,28,57,100,22,80,30,83,71,43,100,16,18588,3510,50,63,88,60,100,98,79,0,71,71,0,0,49,82,76,82,100,78,60,0,7,65,24,93,79,72,93,55,60,0,100,73,53,63,100,77,78,91,0,41,30,94,100,81,74,18,79,91,49,0,22,58,41,71,56,45,44,0,83,30,13,79,0,0,99,86,72,72,87,0,100,42,0,76,64,0,46,73,97,0,87,73,60,46,48,0,73,45,38,79,8,82,77,0,77,50,80,0,90,85,41,87,80,100,71,46,0,100,83,71,70,61,63,91,0,2626
2011-06,2181476,47,84,54,47,100,92,95,71,100,49,60,68,66,41,58,86,85,63,24,56,42,64,100,87,69,89,57,93,100,86,0,11,95,36,49,79,89,62,23,57,62,74,91,29,44,69,24,89,89,93,81,57,56,6,89,86,57,58,81,74,77,76,93,82,35,68,81,11,90,25,82,77,42,77,17,20460,3576,34,74,82,48,92,97,68,0,68,77,0,0,25,100,100,100,81,60,63,61,8,0,24,93,100,66,88,47,69,0,68,80,21,52,63,81,46,90,0,79,20,90,26,76,84,12,27,58,45,0,11,95,83,51,69,51,30,0,66,24,13,87,49,0,80,78,88,88,89,0,92,33,0,91,61,38,17,80,95,0,83,28,58,47,24,0,67,47,52,100,8,100,98,0,74,51,66,0,72,82,42,91,79,69,77,60,0,68,82,88,80,39,77,90,0,2634
2011-07,2550867,60,82,55,51,91,91,100,69,86,52,78,59,66,45,65,89,85,48,48,61,43,65,73,86,83,93,44,96,96,86,0,28,100,40,49,81,100,66,22,54,49,71,77,29,35,70,34,91,93,95,86,44,56,6,97,94,44,64,86,84,50,83,90,95,26,72,83,28,94,27,95,67,45,85,18,25497,3884,42,64,81,48,82,92,96,0,74,67,0,0,100,94,61,94,83,78,48,41,9,0,48,96,77,64,71,75,91,0,56,60,43,49,82,86,63,85,0,70,30,74,34,63,82,0,27,58,50,0,28,77,84,50,34,73,30,27,81,21,9,82,49,34,88,77,88,88,93,0,82,65,0,64,51,38,41,60,84,0,77,57,74,57,37,0,74,54,26,91,8,73,95,0,76,47,88,0,77,74,33,77,66,47,79,47,0,56,95,57,100,54,100,85,0,2819
2011-08,2698003,59,74,100,49,77,85,91,79,85,51,75,57,64,47,61,91,89,50,58,63,56,65,80,82,81,72,35,100,97,88,0,32,92,42,0,73,72,63,19,61,33,70,83,29,38,66,43,90,72,93,66,35,63,5,94,89,35,50,66,66,66,83,85,76,41,66,96,32,80,25,76,90,46,82,17,27226,3936,32,75,86,65,80,79,100,0,72,90,0,10,24,87,93,87,96,75,50,58,10,0,58,100,69,74,83,45,29,0,45,73,41,47,44,66,84,89,0,72,68,58,30,79,89,12,77,78,60,0,32,79,79,90,77,57,28,0,97,26,8,100,0,0,84,74,70,70,72,0,80,73,100,64,46,73,100,73,92,0,80,41,64,42,18,0,84,37,0,77,18,80,91,0,68,62,86,0,73,67,67,83,75,72,77,70,0,45,76,40,67,89,94,89,10,2991
2011-09,2166627,51,69,57,52,61,76,82,81,85,49,72,48,71,44,59,83,89,52,56,47,28,63,84,75,73,78,56,90,85,87,0,31,83,43,0,67,94,55,18,67,66,73,90,33,40,50,66,89,78,90,82,56,72,11,85,83,56,48,82,67,78,86,80,80,26,67,91,31,69,32,80,78,43,64,16,26059,3965,63,76,95,51,73,94,69,0,55,78,0,19,70,75,64,75,91,72,52,19,9,0,56,90,79,65,72,34,63,0,46,60,40,65,80,82,93,78,0,63,0,69,31,100,73,17,100,75,51,0,31,66,0,74,64,48,55,0,70,23,16,62,0,32,85,67,72,72,78,0,73,60,0,64,80,35,38,60,100,0,83,45,65,31,17,0,72,39,24,61,14,84,81,0,69,56,78,0,79,73,78,90,74,81,70,49,0,46,80,58,62,100,82,78,19,2534
2011-10,2376643,55,68,57,53,86,72,76,84,81,58,88,60,68,46,63,83,96,58,21,41,51,92,88,75,72,62,59,77,70,91,0,60,87,51,0,63,63,51,19,61,56,76,89,31,44,46,42,85,62,93,91,59,63,7,71,74,59,50,91,75,71,75,75,88,48,64,82,60,67,28,88,68,46,91,16,25826,4349,44,77,94,36,85,85,64,0,42,68,0,36,22,73,63,73,82,88,58,62,7,0,21,77,67,83,83,57,100,0,40,78,94,61,87,91,81,83,0,72,53,67,41,89,74,44,59,81,55,0,60,78,36,63,60,64,0,0,55,21,19,78,0,30,86,74,81,81,62,0,85,48,46,47,64,34,61,78,74,0,79,59,66,77,11,0,72,36,23,86,20,88,100,0,85,100,71,0,73,74,74,89,89,62,71,47,0,40,88,63,68,74,79,83,36,2149
2011-11,2417765,67,67,56,55,91,70,71,86,78,51,67,68,72,52,67,78,93,68,53,41,37,69,87,73,79,75,64,81,57,88,0,100,77,56,43,55,75,52,18,63,46,81,89,31,47,53,79,88,75,93,96,64,59,5,67,71,64,73,96,66,61,79,76,71,38,66,84,100,61,29,71,76,42,75,15,28146,4662,82,91,91,66,79,82,85,0,83,76,0,63,22,88,78,88,84,67,68,27,10,59,53,81,60,66,66,16,20,0,41,78,48,67,53,96,78,90,0,74,45,87,18,73,74,61,48,51,35,0,100,68,37,57,81,67,52,0,84,29,8,84,43,0,100,99,78,78,75,0,79,58,0,87,69,34,61,78,87,0,81,60,60,66,22,0,81,43,23,91,64,87,97,0,77,59,77,0,86,78,58,89,89,58,79,100,0,41,71,69,65,75,74,90,63,2217
2011-12,2545718,41,65,50,56,74,63,63,72,80,47,66,51,58,54,53,73,85,84,0,41,43,63,72,62,92,77,65,73,67,82,0,34,74,67,42,52,70,51,16,67,53,75,79,32,54,54,100,84,77,82,81,65,54,5,57,68,65,59,81,72,70,77,71,76,45,68,60,34,61,30,76,73,38,54,14,30214,5070,88,88,71,30,69,83,58,0,50,73,0,17,44,68,89,68,60,66,84,18,27,57,0,73,53,66,68,56,79,0,54,68,19,47,46,81,84,82,0,73,17,76,25,88,77,65,23,60,52,0,34,82,54,69,89,61,39,0,72,26,11,69,42,0,58,66,70,70,77,0,69,56,45,60,50,33,60,68,76,0,70,57,63,38,21,31,69,35,23,74,60,72,77,0,68,39,67,0,60,68,81,79,69,60,58,52,0,54,76,58,62,60,68,82,17,2742
2012-01,2461640,52,66,54,52,77,86,80,100,82,52,55,46,68,57,60,79,85,71,57,37,36,69,83,73,81,60,64,65,72,80,0,23,86,59,39,66,78,59,19,62,52,71,77,28,40,100,46,83,60,100,68,64,63,7,64,69,64,56,68,69,40,59,86,64,24,63,60,23,85,31,64,71,44,73,22,30347,6057,67,75,74,33,70,64,57,0,60,71,0,0,40,61,84,61,60,55,71,24,10,53,57,65,51,71,55,67,36,0,50,74,43,66,58,68,57,78,0,56,24,49,31,30,57,20,65,37,45,0,23,52,33,52,55,60,24,0,66,18,28,64,39,27,78,80,53,53,60,0,70,43,0,36,55,31,65,74,73,0,73,50,63,48,10,0,77,30,21,77,6,83,69,0,75,61,66,0,66,74,64,77,76,52,77,32,0,50,64,74,62,74,65,78,0,2301
2012-02,2130977,49,70,56,55,74,80,79,86,87,49,64,61,69,61,63,76,88,82,30,39,35,66,71,78,84,59,68,73,82,85,0,33,84,59,41,63,55,65,18,52,59,73,64,26,38,77,57,87,59,100,90,68,62,6,71,69,68,63,90,70,48,60,88,65,30,68,71,33,67,43,65,73,45,62,20,35901,8343,35,71,88,28,72,57,53,0,69,73,0,0,42,60,95,60,71,64,82,17,60,0,30,73,61,51,53,39,76,0,48,63,36,43,60,90,70,86,0,78,42,55,39,63,69,16,45,59,65,0,33,74,70,24,48,52,37,0,63,23,18,57,41,0,72,74,70,70,59,0,72,36,88,80,52,32,29,63,75,0,84,47,69,73,0,0,73,37,0,74,13,71,47,0,62,47,75,0,63,52,55,64,74,65,78,89,0,48,65,34,61,38,70,86,0,2814
2012-03,2349703,53,69,57,59,62,77,79,87,82,47,59,61,72,63,56,77,89,81,19,41,43,61,93,78,75,52,64,73,73,88,0,26,80,59,38,56,72,65,18,46,60,78,73,23,41,66,46,83,52,91,73,64,58,6,78,72,64,53,73,75,66,65,82,69,33,67,68,26,63,37,69,78,41,79,21,37330,8398,59,86,88,27,68,79,49,0,62,78,0,16,29,65,63,65,68,59,81,16,17,0,19,73,53,76,64,73,53,0,47,67,17,38,54,73,75,86,0,58,16,52,22,59,75,10,21,36,69,0,26,88,32,45,45,80,23,42,83,25,34,69,38,27,80,85,60,60,52,0,68,0,0,54,56,59,41,67,66,0,87,48,71,63,14,56,72,32,0,62,6,93,50,0,74,63,71,0,64,54,55,73,86,67,61,93,0,47,69,64,58,84,49,86,16,2524
2012-04,2382156,51,66,54,56,68,67,79,75,77,46,62,54,70,65,55,70,88,65,20,46,48,60,72,75,81,79,60,69,80,85,0,46,80,62,59,54,76,64,16,51,62,69,76,19,45,65,49,83,79,83,71,60,55,6,74,73,60,64,71,57,65,68,79,64,27,68,71,46,65,30,64,56,41,89,22,35266,8799,41,73,79,50,64,69,48,0,70,56,0,17,20,63,76,63,71,62,65,41,20,0,20,69,56,73,53,53,93,0,58,61,17,49,64,71,27,82,0,59,57,52,23,93,69,10,33,47,54,0,46,82,0,18,56,68,48,44,79,20,18,63,59,0,47,73,69,69,79,0,64,35,0,54,58,62,89,61,71,0,71,55,62,66,10,0,72,36,0,68,6,72,64,0,68,54,71,0,77,68,46,76,76,59,86,59,0,58,64,46,55,63,60,82,17,2479
2012-05,2146542,41,68,50,54,63,71,79,66,87,46,51,56,66,65,86,71,87,51,55,53,52,60,80,72,81,78,37,71,87,85,0,13,78,73,37,59,84,62,22,48,42,75,72,21,37,68,33,86,78,83,74,37,54,6,72,72,37,65,74,65,100,61,81,71,27,77,68,13,66,38,71,64,41,76,23,37440,9814,26,74,76,42,69,78,57,0,69,64,0,0,58,65,55,65,68,51,51,16,12,0,55,71,48,59,59,21,52,0,51,68,41,49,81,74,64,83,0,54,31,51,24,92,71,10,21,53,51,0,13,68,32,28,79,72,34,42,60,24,20,60,37,0,79,68,65,65,78,0,69,100,40,86,53,29,62,68,71,0,83,45,62,54,9,0,76,36,40,63,9,80,51,0,73,58,71,0,70,58,65,72,74,75,59,51,0,51,71,83,71,83,79,83,0,2234
2012-06,2106696,50,73,47,53,53,75,86,56,78,50,59,61,53,66,56,68,85,36,38,58,43,61,81,69,87,59,62,69,98,82,0,9,83,79,38,60,84,58,25,57,81,69,72,18,36,65,26,86,59,84,66,62,50,6,71,75,62,74,66,64,57,63,82,61,28,90,65,9,68,33,61,62,42,74,24,36571,8714,40,81,74,16,67,100,47,0,58,62,0,0,39,62,70,62,65,59,36,16,13,52,38,69,48,68,57,58,78,0,56,66,34,50,57,66,56,85,0,62,32,65,41,30,75,10,32,100,53,0,9,84,33,45,54,94,23,21,61,21,7,61,38,0,64,67,84,84,59,0,67,60,41,69,49,0,50,66,71,0,89,45,71,74,10,0,77,33,41,53,9,81,64,0,69,53,71,0,79,70,55,72,75,67,53,21,0,56,61,61,66,42,65,85,0,2240
2012-07,2444264,58,84,51,54,60,76,92,61,82,50,85,56,51,71,56,73,85,57,37,65,68,65,93,72,92,51,67,78,94,86,0,22,89,82,37,64,74,62,24,55,88,71,76,21,40,75,25,87,51,86,60,67,51,7,88,77,67,62,60,68,59,65,86,59,38,100,66,22,65,37,59,75,44,67,26,48521,9736,65,67,74,21,68,91,54,0,58,75,0,8,67,61,62,61,66,85,57,47,14,0,37,78,48,73,63,36,47,0,61,80,25,51,56,60,100,82,0,75,31,69,30,68,72,10,21,80,70,0,22,77,80,39,26,62,34,0,65,22,13,60,37,53,76,78,82,82,51,0,68,50,0,68,56,29,45,80,73,0,92,56,67,62,47,28,77,40,0,60,6,93,64,0,78,67,59,0,66,65,58,76,85,74,66,72,0,61,59,52,73,77,78,82,8,2672
2012-08,2681141,46,82,53,54,51,71,89,66,83,49,74,65,56,73,60,72,90,61,46,65,53,65,84,74,96,65,72,78,79,91,0,39,88,82,0,65,76,61,37,57,89,69,86,20,40,79,26,88,65,81,55,72,56,7,78,75,72,59,55,68,53,77,81,78,38,94,77,39,73,34,78,72,46,63,25,55850,9691,33,74,96,26,66,84,45,0,71,72,0,0,49,66,56,66,77,74,61,24,53,0,46,78,56,62,53,29,53,0,54,76,50,70,85,55,68,89,0,60,55,66,22,88,73,34,21,89,85,0,39,73,48,39,80,65,57,0,84,24,13,77,0,0,61,87,94,94,65,0,66,84,0,72,62,74,31,76,73,0,92,54,64,42,33,0,78,34,0,51,24,84,59,0,80,93,54,0,74,73,29,86,79,71,73,93,0,54,78,36,65,42,72,89,0,3815
2012-09,2161566,70,85,49,56,69,65,78,65,83,52,92,67,65,72,61,77,94,62,0,49,35,66,86,73,79,92,32,77,64,89,0,48,82,91,38,57,86,59,52,61,37,78,87,22,40,63,31,92,92,79,79,32,63,7,79,76,32,70,79,68,41,66,74,60,47,85,68,48,63,42,60,88,44,82,25,50302,9030,39,62,81,21,60,75,59,0,87,88,22,23,48,62,70,62,68,92,62,16,56,52,0,77,59,71,59,79,18,0,48,81,25,68,77,79,68,88,0,61,47,55,26,59,74,38,31,36,74,0,48,78,0,28,62,94,34,21,69,26,7,75,38,26,90,88,85,85,92,0,60,92,80,87,72,29,67,81,77,0,81,58,64,47,14,28,85,35,20,69,32,86,64,0,79,76,58,0,68,80,47,87,82,80,74,87,0,48,60,40,59,36,74,88,23,2526
2012-10,2347646,53,78,48,59,54,60,74,75,84,50,58,56,56,75,61,72,84,72,25,45,42,64,94,68,81,52,42,74,66,88,0,31,76,89,34,52,81,54,38,34,33,83,88,21,43,66,43,86,52,75,72,42,54,7,72,72,42,86,72,55,37,70,76,61,34,79,73,31,60,40,61,60,42,61,25,49588,10041,59,80,77,38,63,72,43,0,74,60,20,32,61,66,69,66,73,58,72,70,17,46,25,74,49,79,63,52,48,0,44,89,15,72,46,72,64,88,0,58,14,42,29,92,69,26,47,24,83,0,31,66,58,55,87,75,21,0,78,24,12,97,34,0,87,85,79,79,52,0,63,45,36,91,76,27,36,89,74,0,84,47,68,49,21,100,77,41,27,54,29,94,79,0,85,89,59,0,77,65,59,88,92,74,81,69,0,44,61,39,57,43,69,88,32,2093
2012-11,2374110,97,82,47,64,73,55,68,73,77,51,82,67,57,75,100,73,83,78,34,40,40,66,94,57,82,44,71,75,56,89,0,40,72,90,0,47,81,53,34,62,52,83,88,22,53,62,43,83,44,72,71,71,51,7,58,67,71,97,71,51,57,70,72,68,55,78,71,40,54,41,68,77,40,82,23,53359,10478,77,86,88,53,62,76,56,0,100,77,0,68,44,63,64,63,71,82,78,29,21,0,34,75,48,77,59,79,43,0,46,84,38,83,53,71,86,91,0,72,64,47,29,85,81,92,19,24,87,0,40,54,29,41,56,76,42,0,85,40,18,61,0,48,85,95,75,75,44,0,62,53,37,90,69,40,65,84,70,0,84,45,76,45,17,89,83,37,37,73,86,94,63,0,87,94,64,0,100,79,50,88,99,83,92,66,0,46,68,55,67,54,71,91,68,2325
2012-12,2495851,58,80,45,66,52,52,61,61,82,52,49,57,51,76,62,65,84,99,17,41,44,65,84,56,92,77,79,63,74,83,1,32,68,100,34,44,64,63,34,65,72,79,89,19,52,70,57,83,77,64,61,79,50,7,52,66,79,100,61,46,64,74,69,62,51,79,64,32,53,37,62,90,40,86,21,53979,10488,65,71,58,33,61,64,34,0,65,90,20,7,61,53,66,53,64,49,99,28,43,47,17,63,44,70,78,58,90,0,42,80,53,76,46,61,73,89,0,72,35,61,27,53,79,78,38,65,70,0,32,37,29,55,56,53,21,0,68,28,21,53,34,0,57,87,100,100,77,0,61,61,0,60,62,27,28,80,60,0,70,62,61,61,13,0,83,37,27,52,51,84,64,0,71,87,58,0,77,94,56,89,91,80,72,56,0,42,62,47,53,38,82,89,7,2900
2013-01,2312321,74,88,51,62,75,71,76,79,87,51,83,63,54,79,61,74,83,68,31,37,43,71,85,67,80,57,64,62,82,83,1,29,79,87,32,58,78,72,34,46,54,75,80,23,51,69,29,84,57,80,54,64,56,11,64,65,64,70,54,60,35,56,88,65,33,76,62,29,71,46,65,68,46,72,32,66100,11710,43,75,82,61,54,60,43,0,73,68,18,7,24,57,39,57,62,83,68,46,17,0,31,62,53,66,49,48,78,0,40,74,62,98,53,54,59,81,0,59,26,55,17,69,87,16,43,59,65,0,29,76,53,14,73,69,57,0,84,23,20,64,32,0,66,80,80,80,57,0,54,35,0,71,80,24,34,74,60,0,77,74,66,54,12,0,78,35,100,75,10,85,57,0,78,82,61,0,84,60,57,80,77,60,94,51,0,40,65,60,63,35,71,81,7,2725
2013-02,2376840,61,82,47,59,57,66,75,77,76,49,61,61,55,71,62,64,80,61,17,41,32,68,75,60,75,43,48,56,65,77,5,28,80,83,34,59,62,67,33,45,51,68,66,19,53,67,28,80,43,73,56,48,54,10,67,66,48,73,56,48,51,54,81,65,50,78,58,28,63,38,65,56,43,68,31,63110,10960,53,60,59,48,53,50,40,0,88,56,0,14,26,49,45,49,58,61,61,28,13,0,17,56,42,53,49,39,37,0,38,69,53,68,74,56,47,77,0,44,35,58,15,67,81,9,56,24,63,0,28,66,0,30,48,79,83,0,56,23,18,53,34,0,70,73,87,87,43,0,53,38,0,75,59,27,57,69,56,0,67,42,65,61,21,0,69,33,0,57,0,75,44,0,63,63,55,0,77,86,56,66,61,56,80,28,0,38,65,40,49,54,87,77,14,2234
2013-03,2387281,47,99,50,61,60,67,76,75,78,49,74,73,56,81,56,69,83,63,15,47,44,67,79,67,79,83,64,67,78,86,5,25,77,97,61,57,59,65,35,54,60,90,79,20,46,66,21,85,83,73,64,64,56,11,75,69,64,82,64,63,53,59,84,70,60,88,74,25,58,39,70,67,43,86,33,78265,13152,68,84,78,43,60,57,40,9,85,67,0,0,46,49,59,49,74,74,63,25,15,0,15,67,69,55,62,81,71,0,44,76,54,66,69,64,81,90,0,70,19,65,21,75,90,8,34,65,80,0,25,55,65,36,100,81,19,34,63,27,16,67,61,21,71,83,83,83,83,0,60,27,32,42,71,24,29,76,64,0,70,71,66,72,31,0,84,41,16,60,5,79,72,0,73,64,60,0,86,88,53,79,78,46,95,37,0,44,70,45,67,43,91,90,0,3089
2013-04,2398340,43,100,47,64,73,66,76,72,76,46,76,57,69,80,58,70,91,62,15,47,51,64,84,72,76,62,66,63,69,86,6,47,77,87,31,62,71,64,32,37,65,92,73,22,51,58,24,85,62,70,53,66,56,11,77,71,66,64,53,60,41,58,79,56,38,80,56,47,67,45,56,55,47,74,34,71618,14079,75,64,76,26,59,65,45,0,84,55,0,0,32,54,48,54,56,76,62,19,14,42,15,63,58,85,51,53,68,0,46,69,27,39,76,53,56,84,0,56,51,49,23,44,87,24,26,37,75,0,47,75,53,64,87,74,28,0,69,28,28,65,31,0,56,84,75,75,62,0,59,41,0,77,70,0,29,69,53,0,69,56,68,52,27,0,74,38,17,73,12,84,63,0,75,51,63,0,73,75,63,73,74,66,82,30,0,46,56,46,57,49,76,84,0,2445
2013-05,2342523,46,91,47,66,55,65,78,69,86,47,72,68,57,81,60,70,85,73,30,51,34,63,78,64,82,60,56,64,82,86,3,38,77,92,30,57,84,63,38,36,59,90,79,20,51,56,23,85,60,69,66,56,51,11,75,71,56,91,66,59,59,57,77,61,52,90,60,38,75,39,61,62,49,80,34,74858,16571,68,75,73,42,68,70,44,0,60,62,0,6,39,61,53,61,60,72,73,0,15,0,30,64,55,54,54,29,65,0,44,84,13,64,61,66,83,86,0,63,50,49,31,51,91,15,33,50,65,0,38,80,38,27,64,85,46,17,63,31,11,69,30,0,55,90,82,82,60,0,68,40,32,71,72,47,54,84,65,0,66,60,63,67,8,22,84,33,32,55,12,78,61,0,80,81,56,0,73,72,52,79,89,57,74,45,0,44,61,29,62,57,77,86,6,3267
2013-06,2324935,39,88,50,68,58,68,80,64,80,49,83,69,49,84,55,68,80,56,46,54,50,65,73,63,84,54,55,67,82,86,3,29,79,90,47,55,75,63,36,37,55,85,77,20,74,54,14,100,54,72,69,55,49,12,73,74,55,80,69,65,71,54,79,53,48,93,64,29,74,41,53,68,53,68,36,81439,22719,43,76,75,52,67,63,40,0,71,68,0,7,40,60,69,60,64,83,56,45,11,86,46,67,72,62,52,59,34,0,47,77,41,49,57,69,78,86,0,70,45,36,28,69,85,24,26,59,77,0,29,95,80,23,44,92,38,0,53,29,19,64,47,0,75,84,66,66,54,0,67,62,0,62,63,73,44,77,64,0,77,67,59,67,35,23,81,41,17,58,22,73,52,0,75,67,54,0,67,79,57,77,85,72,69,34,0,47,53,53,68,44,80,86,7,2467
2013-07,2565170,43,94,50,65,68,69,90,62,83,50,82,61,48,85,58,70,80,62,68,70,28,70,83,61,67,58,52,64,83,76,40,21,83,91,0,59,64,61,41,31,35,79,69,21,45,64,23,91,58,73,66,52,49,14,80,77,52,74,66,73,65,57,83,60,43,100,66,21,80,43,60,61,49,65,39,100630,22008,84,76,87,55,68,52,41,0,59,61,0,6,47,59,80,59,66,82,62,38,14,0,68,64,61,65,44,23,38,0,47,67,0,63,66,66,89,82,0,63,63,53,23,55,86,16,51,14,66,0,21,92,26,40,64,86,46,0,65,32,11,61,0,0,67,70,60,60,58,0,68,47,33,50,76,48,33,67,66,0,96,62,75,72,31,0,75,41,0,68,7,83,67,0,62,67,52,0,70,70,82,69,74,59,67,25,56,47,60,81,75,24,87,82,6,2099
2013-08,2871088,55,87,51,64,64,63,85,62,79,51,95,68,50,86,59,70,82,58,15,73,46,70,97,62,82,58,84,67,76,82,100,49,81,90,30,61,83,57,38,52,84,87,85,18,44,64,18,87,58,69,100,84,53,12,77,77,84,72,100,48,50,61,76,70,47,92,64,49,75,36,70,79,50,57,37,104397,20781,84,96,70,34,65,54,44,0,64,79,18,6,31,61,95,61,64,95,58,25,13,0,15,67,71,90,59,29,66,0,43,80,20,72,41,100,71,92,0,67,25,51,19,71,77,23,25,65,100,0,49,85,26,31,71,94,56,0,62,30,38,55,30,22,59,100,55,55,58,0,65,68,0,85,76,71,36,80,71,0,77,73,62,80,27,0,89,50,16,64,12,97,62,0,79,94,59,0,71,80,50,85,75,71,98,62,100,43,70,100,68,67,82,92,6,1995
2013-09,2332325,46,87,53,67,65,59,73,58,80,51,78,67,58,82,57,66,83,73,0,52,51,68,90,61,76,57,72,63,64,91,20,31,73,90,0,53,88,59,38,52,73,86,88,20,53,56,23,87,57,73,60,72,62,12,75,74,72,80,60,52,44,53,71,70,49,76,59,31,71,43,70,62,50,48,35,98678,18327,56,86,58,70,59,55,37,19,56,62,0,15,61,54,39,54,59,78,73,49,11,0,0,63,61,73,60,34,55,0,38,82,46,61,60,60,66,91,0,61,37,45,24,73,81,34,57,21,68,0,31,97,50,66,42,64,90,0,71,28,50,73,0,21,71,86,67,67,57,13,59,73,32,70,63,23,46,82,71,0,84,58,63,70,30,0,82,38,16,65,40,90,59,17,84,73,52,0,71,87,100,88,88,40,83,44,26,38,70,75,60,37,82,91,15,3417
2013-10,2394195,51,86,48,70,66,55,73,60,79,50,69,75,61,88,62,67,88,78,28,45,49,66,89,61,75,100,42,62,59,87,10,36,72,88,0,50,85,52,34,51,30,94,85,19,47,54,20,85,100,69,61,42,58,14,69,86,42,60,61,48,46,53,70,68,63,69,61,36,70,41,68,73,46,73,35,91665,18210,88,73,86,39,57,46,25,58,80,73,17,18,58,51,72,51,61,69,78,18,12,39,28,62,57,84,53,64,57,0,35,87,31,63,73,61,87,91,0,75,35,44,18,84,88,32,31,67,75,0,36,48,24,29,53,83,51,47,77,32,8,67,0,20,69,92,49,49,100,0,57,44,60,80,70,22,40,87,67,0,74,66,69,74,21,0,89,36,38,66,31,89,59,41,84,70,51,0,71,73,65,85,93,68,80,77,14,35,68,51,56,53,71,91,18,2674
2013-11,2432975,58,79,49,75,76,50,68,63,74,53,65,70,60,88,67,67,89,89,78,42,53,73,85,54,76,71,69,65,57,87,7,33,72,90,0,45,79,54,33,51,51,96,100,20,52,54,27,84,71,65,61,69,58,13,61,89,69,88,61,61,59,60,67,94,59,69,70,33,58,46,94,91,46,64,34,78190,14900,55,100,70,65,67,40,45,100,66,91,17,51,67,68,61,68,70,65,89,42,13,79,78,65,48,94,58,66,72,0,33,100,51,83,98,61,87,100,0,62,54,42,37,86,100,89,32,55,72,0,33,67,98,26,95,69,70,97,100,100,18,79,0,41,68,86,57,57,71,13,67,71,92,95,86,23,48,100,60,0,81,58,100,74,11,0,97,40,0,76,100,85,56,100,98,94,52,0,68,82,53,100,100,74,89,67,6,33,94,80,67,55,68,100,51,1996
2013-12,2586829,60,74,46,77,75,48,62,53,73,56,77,56,51,92,59,65,85,78,42,44,47,73,82,51,87,62,67,56,74,83,15,43,66,97,57,40,70,62,34,51,51,91,85,19,58,56,38,88,62,61,58,67,53,13,57,79,67,92,58,52,67,67,65,69,62,72,67,43,44,40,69,62,47,71,30,86228,13904,99,77,66,100,54,37,29,72,70,62,33,6,44,47,42,47,67,77,78,83,50,0,42,56,68,84,58,44,58,21,31,80,38,100,58,58,96,90,0,86,42,70,26,89,94,73,55,54,73,0,43,62,36,38,40,46,17,0,81,30,28,79,57,0,81,86,67,67,62,0,54,38,46,71,85,22,41,80,58,0,76,75,55,61,14,0,83,35,54,75,56,82,66,58,80,88,55,0,64,63,66,85,73,65,93,31,11,31,69,91,47,23,66,90,6,2988
2014-01,2503609,50,74,48,74,57,66,79,74,75,56,86,57,55,85,61,71,81,67,52,44,42,78,90,62,78,55,55,52,80,81,13,28,78,81,0,56,79,66,37,44,44,80,79,20,49,57,28,83,55,70,51,55,59,18,69,83,55,82,51,54,60,53,80,63,55,74,60,28,49,38,63,53,51,76,44,93255,14015,69,80,72,33,45,35,33,54,69,53,47,11,20,48,57,48,60,86,67,22,21,0,52,52,52,85,56,61,25,0,33,83,70,79,68,51,82,86,0,61,55,45,34,69,98,7,44,31,63,0,28,48,34,20,25,87,48,22,87,24,9,74,0,0,63,83,66,66,55,0,45,35,0,77,85,42,19,83,62,0,73,63,60,94,10,0,84,33,28,57,8,90,56,38,85,82,55,0,76,78,66,79,81,59,83,36,15,33,63,62,57,59,70,86,11,2948
2014-02,2560560,70,68,49,71,70,63,77,65,75,51,67,66,56,87,57,69,80,91,43,41,36,66,70,57,79,48,79,52,85,80,7,20,77,84,0,50,75,59,36,44,70,73,67,19,36,66,21,82,48,67,54,79,60,18,79,85,79,71,54,54,66,44,82,65,41,72,61,20,55,43,65,65,51,64,43,96239,14527,45,100,70,49,48,24,42,50,66,65,0,6,30,43,48,43,61,67,91,66,12,40,43,52,47,73,55,28,54,0,30,78,45,69,75,54,50,87,0,68,42,39,31,60,86,0,56,55,72,0,20,67,49,13,55,60,27,16,78,31,41,44,0,0,55,84,42,42,48,13,48,52,31,80,72,23,48,78,57,0,91,70,62,70,22,0,83,31,31,70,7,70,48,34,66,59,52,0,66,56,84,67,72,62,77,51,17,30,65,62,53,37,70,87,6,2745
2014-03,2625997,59,70,51,73,49,63,73,74,72,48,59,70,71,90,60,66,87,65,32,47,58,60,78,60,75,67,59,56,67,87,4,33,73,79,39,46,67,61,44,36,66,79,74,18,46,59,19,87,67,70,56,59,69,18,74,92,59,70,56,52,62,52,80,57,51,70,55,33,46,38,57,67,49,67,43,98056,15130,50,92,86,44,48,36,38,54,66,67,0,11,20,42,66,42,55,59,65,44,13,0,32,56,55,78,49,65,49,20,33,74,40,64,50,56,54,86,0,77,38,47,20,71,76,7,43,31,73,0,33,54,100,23,49,78,32,0,64,28,32,55,39,0,69,86,51,51,67,0,48,29,0,59,68,31,44,74,62,0,79,50,68,69,23,0,85,39,42,49,4,78,52,23,74,59,55,0,72,64,30,74,72,66,63,75,0,33,57,39,49,70,59,86,11,2678
2014-04,2636614,59,66,51,71,59,59,75,74,71,46,67,64,57,95,58,63,84,61,20,55,39,60,84,63,76,67,48,57,68,84,6,32,74,82,27,46,78,61,52,36,51,81,81,19,50,55,18,86,67,66,65,48,55,19,85,95,48,75,65,54,54,55,76,58,49,75,66,32,54,41,58,73,51,59,45,93094,14176,52,88,77,50,53,39,44,43,79,73,48,6,42,53,54,53,66,67,61,34,10,37,20,57,60,85,65,83,60,0,36,91,66,65,80,65,49,92,0,68,28,52,13,57,78,17,60,58,70,0,32,66,23,44,45,86,17,30,65,34,27,72,27,39,48,95,64,64,67,0,53,43,58,93,70,0,32,91,57,0,69,62,71,85,17,0,93,34,51,59,13,84,63,24,87,65,59,0,71,65,55,81,88,87,100,30,0,36,58,58,62,73,73,92,6,2138
2014-05,2525026,50,56,54,73,58,60,77,70,76,54,89,63,58,91,59,66,86,60,40,52,49,62,79,60,81,54,51,55,71,83,11,16,74,75,27,43,100,62,46,43,52,79,80,19,47,51,13,84,54,67,52,51,55,20,100,94,51,67,52,52,49,51,73,56,53,76,67,16,53,43,56,67,53,57,45,97224,16638,71,74,66,42,54,37,31,47,67,67,16,6,49,53,54,53,67,89,60,51,23,0,40,55,70,92,42,52,47,0,35,77,54,97,44,52,96,89,0,78,34,31,26,71,75,7,30,64,65,0,16,69,46,20,89,66,66,45,68,33,19,58,27,0,61,91,62,62,54,0,54,48,29,85,78,21,45,77,60,0,77,81,64,94,10,0,91,34,29,58,4,79,58,24,89,75,56,0,68,56,76,80,80,56,73,26,5,35,56,43,69,69,67,89,6,2744
2014-06,2432041,84,56,51,74,55,63,81,63,75,48,61,63,48,91,59,62,77,54,22,61,31,56,72,52,81,69,36,57,70,81,10,21,73,72,0,47,64,59,43,47,34,77,89,22,45,50,15,86,69,67,39,36,70,22,77,96,36,66,39,47,67,45,78,60,57,79,65,21,47,49,60,81,54,70,48,99346,19660,58,69,55,34,52,45,49,43,65,81,18,6,47,53,67,53,65,61,54,38,10,0,22,57,49,47,46,58,52,0,33,78,20,61,57,39,52,84,0,83,38,51,18,59,83,31,76,36,83,0,21,55,26,18,21,55,92,17,64,27,8,50,0,0,43,91,62,62,69,14,52,74,32,60,74,48,32,78,57,0,80,74,63,74,19,0,87,37,33,55,19,72,72,35,83,64,59,0,68,63,67,89,81,67,86,54,0,33,60,42,61,67,83,84,6,3086
2014-07,2753394,78,54,52,78,58,64,87,66,75,47,100,64,45,93,58,62,79,53,59,69,38,61,87,53,92,62,51,56,76,83,3,31,77,81,0,48,84,58,41,35,46,72,80,18,44,57,15,89,62,73,68,51,65,24,89,100,51,79,68,54,45,42,77,60,61,92,54,31,67,40,60,60,57,81,53,123555,22108,88,97,84,50,50,41,38,52,56,60,35,0,69,45,64,45,54,100,53,68,10,0,59,56,72,71,49,74,28,0,42,75,33,48,61,68,77,87,0,84,19,39,22,70,70,15,66,85,68,0,31,51,38,40,49,83,63,58,54,36,13,45,0,21,47,82,76,76,62,13,50,46,0,74,72,23,67,75,58,0,84,74,73,91,34,0,84,38,16,58,7,87,63,26,87,79,68,0,66,69,43,80,79,60,84,45,0,42,60,38,72,56,78,87,0,3028
2014-08,3086271,87,53,54,81,55,57,84,64,76,49,76,70,53,95,64,63,81,53,29,65,47,64,82,52,100,40,35,55,68,82,2,21,72,91,44,43,59,57,41,38,35,100,83,20,43,59,15,87,40,69,76,35,56,23,87,96,35,94,76,44,46,43,73,63,72,99,62,21,47,46,63,58,64,68,51,121089,20166,51,96,71,45,51,45,38,28,74,58,0,6,61,48,81,48,62,76,53,49,11,40,29,55,59,71,37,56,37,0,36,84,26,55,40,76,48,85,0,69,31,58,30,73,72,45,16,21,82,0,21,64,50,22,62,82,27,25,59,33,21,56,44,0,61,81,53,53,40,27,51,26,32,66,64,0,46,84,56,0,79,71,60,63,15,0,87,40,16,55,28,82,38,0,74,43,55,0,65,100,54,83,81,55,72,56,0,36,63,31,53,61,82,85,6,3233
2014-09,2405497,77,59,51,83,54,53,75,67,72,50,56,59,59,93,58,65,85,50,49,50,52,62,82,53,81,54,59,61,56,94,2,36,67,85,42,40,67,56,38,40,59,82,71,17,41,50,19,87,54,69,59,59,61,23,83,90,59,87,59,61,36,53,71,66,73,76,75,36,35,42,66,63,56,83,51,112824,19604,98,81,71,43,50,33,34,71,64,63,16,9,29,48,71,48,75,56,50,41,9,0,49,61,51,81,42,38,22,0,33,75,37,51,61,59,78,90,0,57,29,38,15,59,72,36,39,27,75,0,36,41,96,13,46,74,69,16,78,27,20,53,42,20,61,89,62,62,54,0,50,38,0,78,78,44,50,75,66,0,82,66,69,90,14,0,93,41,30,54,27,82,46,49,73,51,51,0,79,73,65,71,80,66,71,54,0,33,66,63,57,40,65,90,9,2849
2014-10,2654180,73,56,48,86,55,50,70,69,75,50,73,70,55,93,57,60,84,62,40,45,61,63,84,52,78,57,40,53,57,100,2,28,65,77,0,36,61,52,36,38,27,77,79,17,40,46,21,85,57,66,48,40,55,23,73,88,40,65,48,46,40,49,65,59,59,66,55,28,39,41,59,69,57,86,48,101320,19918,56,67,70,15,47,34,36,51,72,69,0,23,28,36,63,36,55,73,62,17,10,0,40,53,61,91,43,57,30,0,29,85,30,63,53,48,37,85,0,47,17,41,17,74,59,42,30,64,70,0,28,56,46,8,76,71,16,53,70,33,12,52,0,19,57,76,51,51,57,18,47,42,0,82,72,21,39,85,52,0,90,64,68,58,10,20,84,34,36,55,36,84,47,23,80,76,60,0,67,64,50,79,84,57,74,44,0,29,59,46,53,39,64,85,23,2063
2014-11,2802373,60,52,49,83,52,48,66,72,68,51,72,76,52,95,66,60,83,86,48,44,69,66,96,49,86,58,64,56,57,83,2,13,64,80,28,32,63,51,37,43,39,87,86,20,53,45,44,83,58,61,51,64,52,22,62,80,64,77,51,49,50,44,63,62,89,68,62,13,41,49,62,85,53,74,46,93557,20224,67,85,62,77,53,42,37,35,71,85,33,83,85,55,79,55,62,72,86,58,100,0,48,56,62,84,26,37,30,41,36,81,18,69,89,51,64,87,14,81,40,26,22,58,64,60,46,39,94,0,13,54,59,45,32,67,93,39,79,90,25,48,28,0,53,78,67,67,58,100,53,37,30,93,84,22,36,81,59,0,84,65,85,84,14,0,85,38,52,52,54,96,71,48,91,95,54,0,76,63,80,86,86,71,90,23,0,36,62,38,49,39,72,87,83,2507
2014-12,2540070,46,51,49,82,32,47,61,66,69,54,62,60,48,100,55,64,79,100,61,46,62,68,80,45,97,77,80,47,62,79,3,32,61,84,68,35,57,55,50,45,57,83,76,100,62,49,49,83,77,59,51,80,50,23,58,76,80,79,51,44,47,50,61,61,89,65,55,32,41,100,61,79,53,71,43,102748,20144,28,67,50,42,45,34,36,39,53,79,48,6,28,38,59,38,55,62,100,46,50,0,61,47,58,62,31,47,55,0,31,81,91,65,35,51,59,81,0,77,51,43,25,60,57,84,91,39,63,0,32,56,93,8,64,49,67,23,73,30,29,47,68,0,56,70,37,37,77,0,45,30,29,71,63,21,52,81,46,0,81,82,60,78,14,0,78,35,29,32,93,80,56,32,76,68,48,0,62,55,53,76,76,67,71,30,11,31,61,41,44,43,72,81,6,2943
2015-01,2465612,84,47,55,74,44,60,74,75,69,52,65,68,51,86,65,68,80,55,50,43,50,70,63,52,85,60,43,43,73,77,3,23,70,71,25,41,64,69,81,19,45,78,65,87,45,48,18,80,60,70,47,43,57,30,66,76,43,72,47,57,44,36,77,54,63,69,47,23,50,90,54,65,58,79,60,110072,20368,44,53,53,35,38,34,29,24,71,65,29,11,39,29,39,29,47,65,55,47,16,34,50,43,62,66,38,48,47,0,34,70,39,50,53,47,76,78,13,56,31,34,34,49,56,6,28,24,56,0,23,67,32,34,24,69,62,14,66,26,16,35,25,18,43,76,44,44,60,11,38,28,27,53,58,0,39,70,47,0,85,55,65,47,38,0,81,49,13,44,12,63,43,29,63,56,49,0,81,67,54,65,62,50,67,41,5,34,54,51,44,36,62,78,11,2815
2015-02,2676024,62,34,49,73,47,59,72,68,65,49,67,62,51,83,51,56,79,43,14,41,34,68,62,53,84,25,38,42,73,71,1,22,70,70,0,39,61,71,100,26,41,63,59,24,32,49,27,75,25,59,33,38,58,32,71,77,38,70,33,49,50,37,74,47,62,71,51,22,44,42,47,37,61,63,55,91622,17813,38,56,42,35,33,30,19,48,80,37,48,9,43,31,31,31,51,67,43,58,10,0,14,42,52,44,37,32,39,21,35,51,67,52,64,33,55,71,0,73,52,35,22,54,55,7,15,46,47,0,22,71,24,25,19,69,34,15,56,25,17,43,0,0,40,61,38,38,25,0,33,25,30,32,64,0,46,51,50,0,69,52,57,69,14,0,64,35,44,47,0,62,28,40,52,60,51,0,66,57,53,59,58,40,59,49,0,35,47,35,52,26,62,71,9,2835
2015-03,2270585,100,27,55,71,57,59,72,79,68,49,75,89,51,97,72,63,81,58,86,49,68,67,75,58,81,50,49,51,65,81,1,9,69,76,100,48,70,63,69,33,43,79,72,20,41,47,20,83,50,62,42,49,56,40,79,82,49,79,42,55,71,48,77,57,72,74,56,9,51,48,57,65,65,67,57,128500,24476,56,99,58,28,42,34,24,43,67,65,0,10,71,35,60,35,56,75,58,47,9,0,86,51,50,69,41,48,47,19,36,73,28,58,46,42,71,83,13,59,94,30,23,59,60,6,48,18,56,0,9,55,53,11,35,100,69,14,54,32,16,56,100,0,35,83,60,60,50,0,42,28,0,62,75,0,57,73,44,0,100,62,64,76,16,0,85,43,20,57,6,75,48,14,78,62,58,0,69,52,51,72,81,56,75,31,5,36,57,61,67,51,63,83,10,2418
2015-04,2547435,81,19,52,72,61,55,72,78,66,47,56,79,57,99,58,64,84,67,45,55,44,64,79,52,81,57,49,52,67,80,1,21,66,71,0,46,79,69,75,42,42,83,84,17,48,48,21,83,57,59,49,49,56,36,77,87,49,63,49,60,45,52,75,59,87,69,57,21,41,40,59,71,70,78,55,108844,22025,45,74,44,62,48,50,28,45,68,71,31,8,40,50,54,50,57,56,67,59,10,35,45,52,57,70,39,44,52,0,37,85,34,87,66,49,69,91,0,93,32,46,25,64,66,27,29,43,66,0,21,63,55,15,36,90,71,15,65,29,16,65,0,18,54,98,74,74,57,0,48,52,28,78,93,100,31,85,55,0,80,74,67,75,13,0,95,40,14,61,16,79,72,0,89,82,55,0,70,62,52,84,88,63,90,60,0,37,59,60,65,33,72,91,8,2264
2015-05,2548562,66,26,49,70,45,57,74,71,72,47,64,90,61,95,57,64,84,75,19,58,47,64,77,53,84,41,45,54,68,78,1,20,70,67,25,49,95,71,72,47,55,80,77,15,47,49,16,82,41,63,47,45,52,37,80,83,45,74,47,47,57,44,73,58,87,73,65,20,44,44,58,61,61,68,57,101959,23310,30,78,45,63,54,48,33,20,58,61,15,0,84,51,49,51,65,64,75,52,9,0,19,54,56,72,38,24,27,0,50,84,33,63,51,47,54,85,0,74,31,45,22,79,68,6,28,42,74,0,20,64,53,22,47,80,92,21,78,34,22,47,25,0,37,81,45,45,41,0,54,56,0,72,72,79,24,84,52,0,80,63,59,75,41,0,84,39,20,45,14,77,79,44,83,79,57,0,66,69,70,77,81,62,71,51,0,50,58,69,57,32,82,85,0,2849
2015-06,2248281,71,38,49,69,53,61,80,67,66,51,64,79,50,89,54,61,84,63,51,65,55,63,75,51,91,58,36,58,74,77,4,18,71,63,26,45,71,57,67,48,32,80,77,17,42,48,15,81,58,60,37,36,53,41,82,83,36,71,37,54,26,44,76,55,52,82,59,18,45,45,55,66,62,57,61,101816,24907,35,79,53,25,43,68,29,48,54,66,30,11,53,55,52,55,59,64,63,32,9,0,51,58,57,60,32,39,56,0,56,68,62,69,47,37,48,84,0,59,27,53,23,77,63,16,50,24,75,0,18,50,0,19,18,72,47,29,53,32,18,67,26,0,34,84,52,52,58,0,43,57,27,66,68,30,37,68,57,0,69,76,67,84,29,0,87,40,27,53,16,75,49,30,78,71,56,0,59,62,47,77,77,58,67,35,0,56,55,49,78,53,84,84,11,3206
2015-07,2648894,63,22,48,72,50,64,84,66,73,50,65,94,47,95,56,59,86,52,31,73,58,70,76,52,95,39,54,53,75,78,4,32,74,65,75,47,88,55,60,37,60,78,78,15,45,54,19,83,39,65,33,54,50,42,89,83,54,71,33,58,55,43,73,56,76,84,60,32,47,39,56,72,67,74,66,136033,29047,48,90,46,42,40,49,26,71,54,72,29,18,45,43,50,43,60,65,52,31,10,69,31,53,52,65,40,53,20,0,51,73,61,77,58,33,60,83,0,93,47,52,23,72,62,22,42,24,69,0,32,58,43,15,47,70,69,28,68,35,18,45,75,0,43,82,51,51,39,0,40,34,0,72,81,39,42,73,51,0,75,73,64,85,50,0,85,43,0,50,10,76,84,29,78,76,55,0,69,53,77,78,70,71,72,48,0,51,56,40,62,32,75,83,18,3458
2015-08,3033081,48,18,49,73,42,60,79,70,71,51,69,94,57,90,56,60,100,50,24,78,50,100,70,52,100,45,39,51,66,79,1,14,72,64,50,43,63,52,50,29,41,78,78,15,50,57,23,84,45,65,35,39,55,43,84,83,39,65,35,55,62,47,73,57,62,77,51,14,49,39,57,63,67,54,64,129556,28840,73,69,58,28,42,50,31,39,57,63,0,5,51,42,48,42,51,69,50,51,11,0,24,51,48,68,38,29,50,18,48,74,71,88,45,35,62,83,13,70,46,42,17,58,65,16,28,47,59,0,14,45,42,11,46,58,53,27,59,29,9,59,50,0,35,76,52,52,45,0,42,72,53,52,80,39,21,74,56,0,79,74,58,72,40,0,88,44,13,42,24,70,71,29,80,81,63,0,56,60,69,78,76,68,82,54,0,48,57,55,64,39,68,83,5,2594
2015-09,2415499,30,22,49,76,56,57,69,69,71,47,67,83,57,84,58,60,87,56,24,58,52,71,80,51,94,33,38,49,56,79,2,23,65,62,0,36,83,49,50,31,33,77,81,16,48,50,25,93,33,61,41,38,66,46,80,80,38,60,41,49,54,35,67,55,99,68,58,23,42,41,55,79,62,75,62,94653,21921,46,65,54,41,44,48,30,11,56,79,28,5,38,40,55,40,58,67,56,15,9,0,24,49,46,73,34,56,42,18,42,89,16,73,61,41,48,84,13,74,35,29,27,51,61,47,34,17,59,24,23,62,0,11,57,70,74,20,64,29,17,49,0,17,49,88,48,48,33,0,44,43,26,75,89,19,43,89,54,0,77,69,64,78,34,0,88,46,33,56,34,80,56,28,83,67,85,0,69,77,61,81,76,70,88,53,5,42,55,57,56,23,69,84,5,1926
2015-10,2637106,41,29,50,76,49,53,66,64,65,50,70,88,57,87,53,60,87,65,23,49,63,66,93,49,84,52,58,50,53,80,2,16,63,58,23,36,61,49,44,34,52,82,92,15,41,43,27,84,52,58,35,58,56,43,72,74,58,64,35,55,58,42,66,56,86,61,59,16,42,39,56,66,59,89,59,75630,18580,72,74,59,48,41,38,25,51,65,66,14,17,71,35,42,35,59,70,65,72,10,32,23,50,54,88,38,53,68,17,39,86,61,76,53,35,61,91,0,71,43,54,21,54,62,29,32,38,55,0,16,42,29,20,54,57,63,45,79,37,27,56,23,0,30,91,29,29,52,0,41,41,0,100,78,45,30,86,47,0,71,68,62,88,38,0,97,97,12,49,38,93,78,20,89,75,68,16,75,55,55,92,98,64,72,35,0,39,56,42,60,55,67,91,17,3016
2015-11,2589451,44,34,49,78,59,51,60,70,71,54,75,100,55,89,59,61,85,80,53,47,73,70,78,49,88,57,62,52,57,80,1,33,61,64,36,35,76,47,43,36,50,87,84,18,48,44,34,80,57,57,38,62,60,44,67,71,62,62,38,46,60,52,65,67,64,65,56,33,41,48,67,77,62,67,56,73619,18502,41,84,55,57,36,41,31,41,63,77,28,62,43,38,54,38,56,75,80,40,18,0,53,52,52,78,43,46,67,18,36,80,26,85,31,38,49,89,100,69,25,42,19,100,71,98,26,34,56,0,33,46,41,11,50,62,80,100,62,37,21,61,36,0,49,86,52,52,57,0,36,21,26,63,76,66,46,80,45,0,82,64,62,85,36,0,89,100,38,59,83,78,64,41,87,69,69,0,72,65,55,84,81,70,88,29,5,36,67,58,60,23,64,89,62,2575
2015-12,2634098,32,28,46,76,53,50,59,65,64,57,75,89,50,100,55,57,84,87,42,51,91,70,77,44,93,57,81,49,62,77,1,22,61,67,60,36,78,56,45,41,70,92,88,16,54,50,42,79,57,54,40,81,52,43,61,67,81,73,40,52,63,49,64,55,77,64,54,22,43,42,55,79,60,74,52,87437,24235,100,64,61,30,39,41,29,64,67,79,42,0,56,34,34,34,54,75,87,50,57,0,42,49,48,69,46,55,30,18,34,89,64,62,43,40,79,90,13,94,45,55,13,81,66,89,40,63,54,48,22,47,20,25,40,60,66,13,63,35,39,47,60,0,36,84,49,49,57,0,39,43,26,71,77,38,23,89,43,0,83,76,57,93,33,0,88,71,52,53,87,77,76,14,90,71,50,0,61,74,72,88,85,58,85,49,5,34,55,36,64,53,67,90,0,3215
2016-01,2445876,54,20,42,87,38,63,68,79,59,56,61,80,55,76,54,64,84,86,84,45,45,75,65,50,72,44,84,46,75,77,1,40,64,52,0,38,65,68,38,41,97,76,74,16,48,46,21,74,44,55,27,84,54,45,68,61,84,53,27,60,62,44,79,49,65,61,42,40,44,34,49,77,67,57,62,103886,20612,59,73,45,41,35,36,30,23,63,77,14,5,44,31,31,31,42,61,86,51,11,33,84,46,39,66,34,70,53,18,28,71,59,63,53,27,61,79,0,84,56,40,16,57,65,6,41,12,45,49,40,50,31,14,29,53,67,27,44,33,65,46,0,0,38,77,52,52,44,0,35,16,26,64,77,19,23,71,43,0,84,78,61,69,34,0,79,57,20,38,8,65,71,21,79,68,61,17,65,58,75,74,74,49,74,37,0,28,49,36,47,23,59,79,5,2487
2016-02,2644289,36,16,42,77,42,65,65,68,55,51,69,72,56,74,52,60,83,70,38,48,56,71,69,50,66,33,60,42,58,73,1,15,67,56,51,37,51,54,37,32,82,70,65,15,42,49,22,74,33,50,33,60,51,47,76,64,60,49,33,58,70,38,81,46,74,61,44,15,45,30,46,60,65,76,58,85718,18718,79,72,47,57,31,34,20,56,46,60,60,16,26,20,35,20,44,69,70,53,7,35,38,42,47,59,27,58,48,19,31,68,39,72,36,33,79,78,13,70,26,36,14,53,51,6,42,42,36,26,15,65,22,26,48,61,54,14,52,31,43,50,51,0,30,71,31,31,33,0,31,45,0,50,80,40,39,68,41,0,71,76,57,60,26,0,75,64,14,42,4,69,39,29,58,47,56,0,65,58,34,65,67,61,60,35,0,31,46,30,47,40,70,78,16,2462
2016-03,2366941,36,18,43,79,45,60,66,93,56,51,76,85,54,82,53,60,82,74,47,54,55,70,88,50,65,37,75,51,58,79,1,11,70,56,24,39,77,57,37,26,86,86,82,18,42,43,18,78,37,53,41,75,51,47,77,66,75,57,41,57,58,30,78,53,70,58,52,11,43,40,53,73,64,59,59,98829,21141,62,82,49,53,38,42,25,49,55,73,56,5,43,30,41,30,52,76,74,54,8,32,47,51,50,65,38,50,59,36,33,80,47,71,50,41,61,85,0,60,35,28,15,56,64,9,39,34,47,48,11,58,51,25,50,80,29,33,62,36,44,48,24,0,35,87,50,50,37,0,38,21,0,69,88,47,37,80,46,0,98,63,61,76,30,0,95,60,77,45,9,88,69,14,85,82,58,0,63,59,39,82,76,68,70,23,0,33,53,48,75,30,62,85,5,2787
2016-04,2471253,48,18,42,84,42,56,66,63,51,48,67,88,56,79,52,57,89,69,49,58,57,66,79,54,64,56,56,48,59,80,1,37,67,49,37,36,70,54,36,35,68,84,79,14,50,48,18,77,56,50,36,56,49,47,77,67,56,61,36,52,43,37,77,47,70,61,54,37,44,32,47,70,66,57,61,82626,19776,34,47,55,31,38,49,31,39,64,70,43,10,38,33,25,33,54,67,69,77,11,0,49,48,40,70,37,33,42,37,36,73,44,76,45,36,55,80,0,63,46,36,17,55,66,6,20,23,46,0,37,60,42,22,17,70,90,21,63,34,37,55,37,17,52,72,41,41,56,0,38,49,0,73,79,58,35,73,43,0,89,60,63,58,22,0,82,58,13,42,6,79,58,14,83,68,63,17,60,51,52,79,75,70,61,71,0,36,47,58,60,35,67,80,10,2716
2016-05,2477591,41,18,39,87,38,59,69,66,61,48,72,91,52,79,50,56,83,58,0,66,57,66,69,53,68,48,54,50,70,75,1,14,65,47,0,36,81,55,38,29,52,85,87,15,49,44,16,78,48,50,40,54,48,50,78,68,54,52,40,49,49,39,76,50,82,61,52,14,41,31,50,84,70,56,62,83707,21282,63,74,53,34,42,52,30,61,72,84,28,10,44,37,44,37,52,72,58,91,9,33,0,50,42,66,36,78,46,100,36,82,64,80,41,40,67,87,13,98,45,47,12,69,67,12,27,52,50,24,14,32,0,14,28,59,37,40,63,34,37,48,0,0,37,81,56,56,48,0,42,70,0,74,77,19,43,82,37,0,81,73,59,75,64,0,94,58,26,38,8,69,65,56,88,83,58,0,64,53,65,87,78,66,78,63,0,36,50,41,61,42,65,87,10,2201
2016-06,2358346,34,16,41,84,47,61,71,58,53,50,66,86,45,75,56,56,81,62,100,69,50,67,75,49,71,35,45,53,76,76,1,18,67,49,25,41,72,53,38,31,45,92,80,17,49,41,12,81,35,54,29,45,49,52,77,68,45,48,29,50,44,43,79,50,81,65,58,18,43,37,50,63,67,59,66,83039,21870,70,81,42,42,39,48,30,52,51,63,15,5,65,40,34,40,58,66,62,68,13,34,100,53,49,72,29,58,24,38,39,78,73,63,36,29,74,87,0,79,21,40,8,62,62,19,35,24,64,26,18,49,43,15,42,76,100,14,49,37,29,56,25,0,34,83,40,40,35,0,39,51,0,76,77,30,48,78,42,0,80,67,64,79,64,0,86,66,34,47,10,75,66,15,84,63,55,0,56,56,78,80,83,57,63,24,5,39,50,46,64,44,57,87,5,1722
2016-07,2794855,43,14,41,87,30,63,76,54,52,50,66,82,48,76,53,53,83,42,57,86,60,71,73,50,72,56,39,48,66,74,1,6,72,51,26,40,62,49,37,34,48,79,77,14,51,46,14,82,56,49,29,39,46,51,85,69,39,56,29,55,63,36,76,47,76,70,44,6,39,30,47,69,71,48,65,93493,23146,71,74,37,29,35,54,23,97,59,69,30,5,46,34,34,34,44,66,42,59,17,35,57,48,44,71,34,34,48,19,42,74,51,82,48,29,68,73,0,96,37,32,18,53,54,30,21,43,55,26,6,47,22,8,48,61,70,29,41,32,16,35,26,0,29,59,31,31,56,0,35,57,0,55,71,0,12,74,41,0,88,74,57,73,100,0,86,59,27,30,12,73,37,30,79,64,60,0,63,45,69,77,75,58,65,28,0,42,47,49,68,41,75,73,5,2035
2016-08,2882557,43,14,40,93,44,59,72,56,52,53,73,81,48,73,53,53,88,59,26,78,68,69,82,46,71,53,62,50,59,78,1,15,67,51,0,38,74,51,35,35,73,70,77,13,40,45,16,82,53,51,33,62,54,50,84,72,62,39,33,74,62,40,72,50,61,64,44,15,43,29,50,70,75,46,66,95954,22140,50,67,41,33,34,27,24,87,53,70,46,8,68,28,25,28,44,73,59,82,11,36,26,50,49,68,45,60,29,20,35,82,64,56,35,33,79,77,0,58,49,27,14,48,58,13,22,50,54,53,15,54,45,19,25,60,56,0,41,31,42,55,0,18,29,58,36,36,53,0,34,53,28,73,75,0,44,82,44,0,78,66,63,65,76,0,87,58,14,44,19,82,42,23,88,59,100,36,57,51,23,77,75,68,63,25,0,35,50,33,49,8,61,77,8,1680
2016-09,2427086,52,18,39,90,37,56,65,54,52,49,81,75,57,72,59,57,87,61,38,65,66,66,87,50,66,26,51,55,55,77,1,24,66,49,51,36,91,51,33,42,56,74,81,14,43,45,19,79,26,53,32,51,58,52,81,67,51,46,32,60,45,38,70,56,86,58,55,24,40,33,56,73,70,55,65,85093,20713,76,69,51,50,35,34,33,49,52,73,46,8,53,35,37,35,55,81,61,48,8,35,38,55,38,89,42,39,36,0,31,69,74,74,33,32,62,82,0,60,64,35,18,47,64,43,28,55,49,26,24,75,55,23,48,47,94,29,61,33,16,61,51,100,41,78,33,33,26,0,35,57,0,69,83,30,34,69,48,0,78,90,67,86,23,0,89,52,14,37,47,87,67,29,85,66,77,26,54,63,79,81,77,65,75,28,0,31,56,44,57,49,65,82,8,886
2016-10,2678447,46,13,40,96,46,56,65,60,49,57,91,74,57,75,59,52,87,79,61,54,69,67,81,48,64,36,78,53,49,81,1,20,66,45,0,35,82,52,32,35,99,76,85,14,48,41,19,75,36,47,23,78,51,57,75,62,78,54,23,54,50,42,69,53,94,54,53,20,40,31,53,83,67,73,65,75746,20412,59,70,49,48,39,30,22,54,66,83,71,15,32,34,33,34,53,91,79,66,15,0,61,53,34,100,42,80,76,28,28,89,81,70,40,23,67,91,0,88,31,41,20,70,66,47,34,47,47,49,20,83,21,22,23,61,45,62,68,35,37,51,0,35,42,84,55,55,36,0,39,33,0,87,85,38,47,89,52,0,75,68,61,92,28,0,99,52,33,46,66,81,64,14,92,73,69,50,62,64,80,85,89,82,77,37,5,28,53,55,54,46,64,91,15,1385
2016-11,2588645,42,13,38,100,47,55,59,59,51,51,83,100,53,79,63,58,86,81,30,52,82,69,75,45,66,47,69,53,47,80,1,31,61,43,24,34,68,56,35,34,69,91,90,16,48,36,28,77,47,44,29,69,51,60,68,60,69,46,29,53,56,45,67,55,100,53,52,31,36,34,55,82,63,69,63,73849,23816,68,74,46,38,33,34,27,66,77,82,71,82,57,33,36,33,52,83,81,66,11,33,30,53,50,67,44,65,54,46,26,84,60,73,26,29,57,88,0,87,30,41,20,76,60,59,47,41,43,25,31,48,62,14,52,52,67,55,45,46,22,57,24,43,65,80,41,41,47,0,33,33,26,71,85,19,41,84,49,0,83,71,63,87,28,0,93,52,26,47,75,75,64,14,89,72,75,100,58,62,68,90,90,71,86,40,0,26,55,39,43,23,65,88,82,1865
2016-12,2814450,40,10,36,92,40,52,57,53,49,65,66,66,48,82,84,52,85,77,65,55,81,73,85,43,67,61,71,45,61,75,0,22,58,47,0,30,63,100,36,35,67,82,92,13,51,42,34,74,61,43,31,71,48,56,62,56,71,51,31,52,47,42,64,52,79,52,49,22,39,29,52,88,64,58,56,82640,24639,54,72,36,23,35,35,24,68,57,88,70,10,43,33,23,33,49,66,77,60,28,32,65,45,43,63,36,68,19,18,32,82,100,92,24,31,64,79,0,92,79,44,17,93,52,55,26,57,25,0,22,55,20,32,39,44,29,13,47,42,43,45,0,50,38,77,43,43,61,0,35,37,0,76,84,37,31,82,40,11,78,91,60,78,39,0,89,51,38,40,79,85,61,21,93,68,66,16,57,63,69,92,95,65,85,49,0,32,52,68,42,41,72,79,10,1409
2017-01,2876046,50,13,41,87,47,67,68,72,55,58,64,64,58,71,87,66,86,68,51,48,49,79,61,52,60,27,54,42,68,72,0,21,66,42,23,37,67,92,34,40,67,82,81,14,59,47,20,73,27,53,29,54,53,73,72,59,54,46,29,55,39,36,82,47,64,52,50,21,42,31,47,77,72,70,79,73232,20852,59,51,30,51,30,25,25,50,46,77,54,0,23,24,22,24,50,64,68,90,8,0,51,42,40,68,34,100,50,51,30,82,81,78,33,29,63,77,0,68,61,26,15,50,59,6,63,16,30,23,21,50,39,10,54,88,42,19,58,32,47,53,23,24,23,69,60,60,27,0,30,46,24,66,69,36,49,82,43,0,67,74,61,71,20,0,82,44,49,47,11,61,64,13,81,68,55,0,67,54,68,81,79,62,77,28,0,30,47,43,52,43,63,77,0,1000
2017-02,2495196,44,13,38,85,36,62,66,77,55,53,69,77,56,73,58,61,84,77,48,53,58,73,66,55,65,38,62,43,55,71,0,17,66,41,0,32,76,67,33,19,70,73,73,14,48,43,18,77,38,51,27,62,52,72,79,60,62,40,27,50,59,33,78,44,56,54,43,17,42,29,44,72,70,67,73,72225,20999,59,64,38,41,29,26,25,42,74,72,86,5,25,28,33,28,43,69,77,76,10,100,48,43,34,58,31,42,49,37,25,83,54,55,38,27,61,77,0,90,45,32,16,25,51,9,20,29,33,37,17,50,21,7,40,69,37,48,49,30,52,31,0,0,42,66,28,28,38,0,29,38,0,59,67,19,38,83,45,0,78,85,64,76,43,0,79,38,13,36,10,66,62,21,81,63,66,0,67,54,68,73,78,59,69,53,0,25,44,57,48,50,50,77,5,810
2017-03,2501219,39,11,41,87,29,64,67,70,54,51,69,83,57,76,58,59,86,66,69,56,66,71,69,59,63,53,61,46,58,79,0,15,66,43,43,37,72,65,31,40,81,79,79,15,50,42,17,77,53,49,27,61,51,75,81,63,61,56,27,59,37,34,80,49,61,55,49,15,44,34,49,81,70,70,75,79381,23786,49,79,42,42,32,27,24,44,64,81,13,4,56,24,26,24,49,69,66,45,7,0,69,46,36,55,32,91,40,32,26,83,29,78,35,27,61,81,0,76,45,39,23,62,58,0,42,36,38,22,15,63,55,6,30,62,33,24,50,37,35,44,43,15,27,75,42,42,53,0,32,29,0,70,87,34,28,83,40,0,82,72,64,64,41,0,89,45,23,29,7,69,65,25,88,68,59,0,62,61,46,79,83,73,72,47,0,26,49,53,50,20,56,81,4,1006
2017-04,2742799,32,10,40,89,40,60,66,64,47,50,65,80,62,76,60,58,92,67,57,64,74,69,76,55,60,46,62,47,59,76,0,27,66,48,69,37,86,66,35,34,65,85,84,13,54,37,17,79,46,49,30,62,54,73,80,63,62,50,30,60,69,42,75,49,57,64,50,27,40,28,49,84,81,77,70,70433,21359,60,68,45,42,31,39,29,47,50,84,68,7,71,30,41,30,50,65,67,82,6,32,57,47,33,59,42,71,76,0,27,77,56,64,55,30,76,83,12,100,38,34,16,66,58,15,38,55,32,35,27,56,40,7,33,45,49,19,50,38,27,58,69,33,30,71,42,42,46,0,31,62,0,57,76,27,44,77,42,10,80,82,64,85,26,0,90,49,25,40,15,76,77,40,85,69,65,0,59,57,96,84,79,62,61,54,0,27,49,32,49,40,60,83,7,968
2017-05,2570428,33,10,38,88,36,62,68,63,56,49,67,72,55,67,58,56,85,54,45,69,62,68,74,53,61,40,48,45,71,74,1,13,66,50,46,36,70,68,35,25,59,77,81,13,48,39,15,76,40,48,27,48,50,77,80,62,48,60,27,48,41,34,77,50,53,65,49,13,31,28,50,83,80,66,74,81561,25267,52,71,38,55,36,38,22,32,53,83,40,5,53,30,42,30,49,67,54,67,7,31,45,45,33,84,31,74,39,0,39,75,61,82,37,27,49,80,0,71,43,39,11,54,62,9,25,33,26,69,13,70,0,7,32,56,84,38,44,38,27,53,46,24,37,79,62,62,40,0,36,51,0,78,85,18,33,75,42,0,72,88,59,73,14,0,91,42,25,36,13,74,49,13,89,79,68,0,60,56,64,81,74,61,75,44,4,39,50,53,48,22,53,80,5,918
2017-06,2378615,35,13,38,84,32,66,74,61,49,51,69,75,44,69,58,54,81,57,36,79,68,67,71,47,63,31,57,41,72,73,1,22,66,41,24,34,72,65,31,25,80,80,83,14,51,40,15,76,31,46,30,57,47,79,76,61,57,42,30,53,59,31,78,45,48,67,43,22,41,29,45,86,76,62,76,80407,25553,75,78,32,27,34,36,24,34,45,86,57,5,31,30,37,30,43,69,57,76,6,0,36,41,41,79,30,32,26,18,30,88,48,63,33,30,71,81,0,74,35,25,16,72,53,19,27,52,28,24,22,35,82,25,11,64,59,14,49,33,28,60,24,26,31,71,46,46,31,0,34,43,0,61,75,38,23,88,37,0,67,93,67,79,33,0,87,47,26,32,15,71,70,14,87,77,57,0,61,46,63,83,80,60,73,50,0,30,45,44,50,38,73,81,5,1284
2017-07,2917953,35,11,38,91,49,66,80,57,51,53,66,90,54,73,63,55,94,59,24,100,61,72,77,49,67,42,46,43,66,74,0,17,72,41,24,37,62,64,32,32,65,77,77,13,46,46,15,80,42,49,22,46,48,77,88,65,46,50,22,51,49,37,79,43,70,72,43,17,45,28,43,74,83,65,80,83292,26840,62,71,41,44,28,31,32,72,40,74,14,5,49,23,35,23,43,66,59,80,20,33,24,43,40,71,31,83,38,36,30,80,42,64,28,22,70,79,0,70,50,33,17,56,54,18,40,51,38,48,17,29,61,29,39,64,37,13,49,36,24,36,24,0,34,66,42,42,42,0,28,59,26,61,78,37,26,80,35,11,70,75,61,72,33,0,89,44,19,49,19,77,65,42,83,82,61,0,58,56,25,77,79,61,59,49,0,30,43,56,51,19,64,79,5,1384
2017-08,2866400,35,10,42,89,33,61,77,57,53,55,68,84,55,75,64,52,91,71,68,86,67,73,82,50,66,42,100,44,66,78,0,19,65,42,57,35,76,65,28,31,100,74,80,13,48,42,16,79,42,53,23,100,58,79,87,63,100,43,23,56,72,33,75,48,62,66,44,19,44,29,48,59,80,67,80,88168,26383,43,73,35,29,28,36,29,79,49,59,94,9,53,25,22,25,44,68,71,100,11,0,68,44,36,70,31,35,46,52,34,82,50,71,36,23,61,85,0,77,38,37,26,51,53,20,32,16,37,46,19,25,29,10,16,54,35,25,45,37,100,41,57,32,39,73,47,47,42,0,28,41,25,64,84,18,27,82,41,0,81,78,65,87,20,0,90,42,0,33,29,82,47,26,83,66,66,0,54,54,59,80,81,53,69,28,0,34,48,51,46,36,59,85,9,1786
2017-09,2486383,26,7,39,89,43,56,66,61,52,55,79,69,57,72,73,57,88,56,23,67,56,69,81,52,62,38,57,40,56,74,0,22,62,39,0,32,64,58,32,25,53,69,78,15,53,38,18,83,38,54,26,57,66,77,87,63,57,35,26,51,59,31,68,44,49,59,44,22,43,31,44,65,100,54,79,78314,23325,32,72,38,49,29,28,26,41,41,65,55,5,42,28,33,28,44,79,56,34,8,32,23,40,37,75,31,31,66,35,23,85,67,83,35,26,60,77,0,70,39,38,9,67,59,36,32,66,23,24,22,48,30,17,38,56,50,26,40,31,35,27,0,50,38,78,41,41,38,0,29,52,0,73,84,18,33,85,35,16,67,70,62,68,26,0,88,40,19,43,31,81,73,20,81,64,59,0,51,54,72,78,79,43,59,35,0,23,44,55,48,33,52,77,5,1185
2017-10,2888716,33,8,38,89,49,55,63,67,53,50,69,74,52,75,64,56,85,75,49,55,72,68,77,50,58,44,63,44,53,77,0,31,64,35,22,31,62,64,29,27,53,80,90,14,54,40,23,80,44,50,31,63,52,78,78,59,63,47,31,55,52,30,70,51,64,52,46,31,49,31,51,92,80,61,79,67227,22478,73,99,41,46,31,31,24,63,53,92,13,44,97,28,23,28,46,69,75,64,7,61,49,44,40,82,29,89,48,17,24,92,24,91,42,31,82,85,0,72,69,31,17,86,53,57,24,42,25,100,31,48,19,23,21,54,74,12,57,42,51,36,22,16,36,75,45,45,44,0,31,49,24,94,94,26,18,92,39,35,79,87,59,83,28,0,94,44,30,49,47,77,58,32,95,82,58,0,58,64,68,90,88,66,73,9,0,24,51,75,46,38,57,85,44,1575
2017-11,2833061,34,8,41,89,49,53,62,74,49,54,64,87,54,75,73,62,91,96,94,55,73,73,78,50,62,55,65,48,46,80,0,31,61,37,0,28,84,59,30,20,58,88,91,15,60,41,29,84,55,51,25,65,52,81,74,58,65,49,25,53,49,33,70,52,62,57,51,31,44,37,52,100,94,71,76,68665,23141,62,77,39,59,35,33,30,53,53,100,39,100,46,28,18,28,51,64,96,70,13,0,94,48,43,67,25,68,77,34,23,82,54,73,30,25,83,87,0,94,83,49,22,76,60,100,25,42,25,45,31,60,29,46,47,59,41,25,57,55,40,59,0,39,52,84,57,57,55,0,35,20,0,87,85,26,45,82,42,100,76,100,69,76,25,0,89,43,30,49,74,78,76,13,97,75,61,0,58,77,78,91,83,70,70,43,0,23,52,38,49,28,60,87,100,2074
2017-12,3053690,38,7,38,88,34,50,60,66,47,52,56,66,46,78,57,52,84,91,68,66,100,76,78,46,67,50,69,42,65,76,0,13,58,39,57,27,67,67,35,33,64,87,93,13,60,45,37,82,50,49,23,69,49,75,64,55,69,56,23,52,74,41,67,45,72,53,42,13,41,32,45,92,79,60,70,72065,22529,48,91,40,51,35,23,27,87,46,92,80,12,47,31,21,31,42,56,91,95,31,47,68,42,42,60,40,70,64,17,28,89,56,86,31,23,59,83,0,97,33,37,15,63,50,70,38,22,26,57,13,31,29,17,16,37,63,13,52,41,45,45,57,16,41,77,67,67,50,10,35,41,0,65,100,36,41,89,34,31,71,99,60,100,20,0,92,44,92,34,70,78,69,40,100,76,55,0,62,77,77,93,82,74,77,22,0,28,45,66,43,36,64,83,12,1856
2018-01,2741465,30,7,39,81,46,62,71,72,51,56,76,70,53,74,65,63,86,81,63,53,69,78,72,54,61,37,70,40,65,78,0,30,64,34,21,34,76,71,33,28,87,82,81,15,100,44,19,84,37,59,24,70,55,100,81,57,70,35,24,100,48,32,83,46,50,55,44,30,48,34,46,77,82,62,100,77957,23595,63,79,44,53,32,28,26,74,52,77,25,11,49,29,18,29,44,76,81,71,11,29,63,40,41,68,31,81,60,32,25,85,80,90,41,24,80,92,0,75,57,20,12,58,61,5,29,25,23,32,30,57,18,6,40,51,45,0,62,38,44,55,21,15,36,87,53,53,37,0,32,47,0,66,90,25,35,85,36,19,77,82,65,93,13,0,98,44,46,46,12,72,58,37,93,73,85,0,71,59,49,81,82,62,65,29,0,25,46,43,40,30,64,92,11,1304
2018-02,3070937,33,6,36,77,37,61,68,72,48,52,70,56,57,67,56,54,87,67,57,55,60,73,56,50,55,36,57,35,70,70,0,16,64,34,23,30,48,64,33,21,78,63,69,14,46,44,24,76,36,52,20,57,54,98,82,58,57,42,20,90,47,31,79,39,38,54,38,16,50,27,39,65,86,63,88,62474,18880,52,71,34,26,27,22,23,80,56,65,41,5,48,20,30,20,38,70,67,63,6,0,57,35,39,48,25,40,54,35,23,65,41,55,34,20,52,76,0,72,48,29,12,36,50,18,26,22,21,70,16,48,30,35,22,51,21,0,46,34,46,51,23,16,30,62,40,40,36,0,27,41,25,56,57,0,41,65,33,0,62,76,67,50,23,0,77,34,12,37,13,56,44,20,68,64,69,0,61,61,63,69,65,51,49,13,0,23,39,47,37,37,56,76,5,1004
2018-03,2733311,42,6,40,83,40,60,66,71,46,52,65,83,55,76,58,56,89,60,36,60,72,71,76,57,55,46,57,46,75,75,1,24,64,35,31,33,66,66,32,21,70,75,79,18,54,45,16,80,46,53,20,57,50,96,90,59,57,51,20,63,51,30,78,46,36,60,42,24,50,32,46,78,79,67,87,78432,25252,43,85,47,41,34,35,38,63,65,78,12,9,59,27,27,27,42,65,60,92,13,28,36,46,35,67,27,60,56,0,29,81,56,76,41,20,76,85,0,100,100,36,27,65,57,8,17,30,25,42,24,53,18,6,30,52,26,12,39,39,34,55,31,30,80,72,60,60,46,0,34,33,0,51,93,16,37,81,39,0,75,81,66,97,24,0,93,43,22,40,12,76,48,36,87,68,58,0,71,70,87,79,72,69,65,34,0,29,46,51,42,23,55,85,9,1447
2018-04,2960879,32,6,39,82,37,58,67,62,46,50,58,66,56,74,60,56,91,61,43,63,71,66,78,54,52,34,51,42,64,73,0,15,68,31,22,33,72,64,34,24,51,74,79,16,53,42,18,82,34,52,23,51,49,88,84,60,51,52,23,88,62,32,76,49,52,56,44,15,53,27,49,78,83,69,86,72342,24371,38,82,39,40,35,31,22,69,35,78,77,9,84,31,26,31,44,58,61,64,14,0,43,42,35,82,32,54,41,16,29,76,53,87,33,23,45,85,0,84,63,24,28,74,52,14,30,31,21,22,15,40,37,6,31,51,60,12,47,40,29,39,22,15,28,85,41,41,34,0,35,73,23,86,93,51,31,76,35,0,70,83,61,82,8,0,100,42,18,37,17,78,54,19,91,79,58,0,60,72,80,79,71,66,63,30,0,29,49,60,40,48,57,85,9,1272
2018-05,2704745,40,5,37,78,37,57,71,56,47,50,62,69,53,66,55,50,84,57,42,75,55,65,68,50,57,23,42,40,71,69,0,10,64,31,43,31,70,71,32,27,37,74,78,17,55,39,12,80,23,49,26,42,48,88,85,59,42,43,26,61,64,33,76,40,44,59,38,10,50,29,40,93,80,63,86,70694,25969,55,65,39,30,37,32,23,87,52,93,100,0,60,29,27,29,38,62,57,58,6,29,42,40,49,77,27,53,37,16,32,85,47,60,35,26,49,84,0,83,31,41,14,28,50,22,41,40,30,43,10,28,63,19,15,65,13,24,42,40,25,53,43,0,21,81,45,45,23,0,37,38,0,83,74,17,30,85,39,0,66,86,60,78,29,0,96,44,11,37,12,68,51,55,88,61,57,0,58,62,55,78,81,57,62,15,0,32,40,20,39,27,60,84,0,935
2018-06,2602853,30,5,36,77,30,59,71,55,42,51,69,61,43,67,62,48,80,62,59,81,69,63,69,48,54,44,62,44,64,69,0,15,64,29,22,32,69,67,34,23,68,72,76,14,60,40,18,85,44,48,25,62,59,84,78,59,62,42,25,59,41,29,73,40,52,67,44,15,50,24,40,81,86,66,83,64731,23925,60,64,39,36,32,27,40,72,59,81,25,0,39,26,17,26,44,69,62,54,6,45,59,44,48,62,28,46,54,0,29,74,48,61,28,25,62,77,0,87,23,24,10,48,48,17,0,46,25,22,15,61,28,13,26,49,26,0,41,39,41,48,22,15,74,71,56,56,44,0,32,53,0,68,77,0,85,74,36,0,68,76,64,65,22,0,85,46,17,30,12,69,52,13,83,77,55,0,68,52,63,76,69,79,58,18,0,29,40,48,48,62,70,77,0,794
2018-07,3034297,34,5,36,77,32,62,77,65,43,100,53,63,41,70,60,52,82,48,42,93,54,68,76,47,56,27,48,39,68,68,1,15,67,30,21,35,65,70,33,27,52,65,71,15,50,45,16,82,27,52,16,48,55,80,81,57,48,50,16,49,62,28,77,45,41,72,40,15,42,25,45,76,93,60,85,73030,24999,40,58,42,27,27,23,27,87,66,76,62,4,65,21,22,21,40,53,48,48,8,86,42,39,45,60,28,56,23,16,29,71,19,59,33,16,44,74,0,92,39,30,7,41,45,24,23,10,24,42,15,33,18,13,25,44,32,23,42,37,34,36,21,15,33,64,48,48,27,0,27,47,0,58,73,17,35,71,40,0,67,83,58,85,24,0,85,41,17,32,18,76,54,12,77,68,54,0,55,70,61,71,65,50,54,17,0,29,45,49,38,23,58,74,4,2819
2018-08,3403503,34,5,38,88,32,56,71,55,41,54,79,63,45,67,64,51,88,58,77,100,60,68,77,49,58,44,74,40,63,73,0,22,67,33,21,34,63,70,31,25,60,61,75,14,47,44,15,82,44,50,24,74,49,77,82,54,74,52,24,63,64,37,74,46,40,66,41,22,54,23,46,78,95,68,81,80759,24613,72,66,39,38,32,25,25,53,44,78,36,4,32,25,34,25,41,79,58,87,13,0,77,40,37,64,28,60,59,16,28,78,37,60,31,24,77,80,0,92,22,42,13,60,50,27,12,20,23,31,22,28,27,12,25,52,38,17,46,36,47,41,21,15,34,74,46,46,44,0,32,19,0,74,80,25,40,78,42,0,69,79,67,71,24,0,90,43,39,32,20,77,48,49,76,56,55,0,53,54,67,75,70,54,69,17,0,28,46,51,42,26,57,80,4,2991
