date,arrival mainland,arrival global ,shows in macau,singapore to macau,macau airlines,macau on map,tiger airways,cathay pacific,show in macau,macau venetian,galaxy macau hotel,macau grand hotel,macau tauranga,casino in macau,mgm macau,macau ferry terminal,macau restaurant jamaica,macao,map of hong kong,macau food festival,cheap flights,hong kong to macau travel time,venetian hotel macau,macau nightlife,royal hotel,macau ferry schedule,cebu pacific,jetstar,thailand,flights to hong kong,macau food,macau hotel venetian,hotel in macau,flights to macau,hong kong macau ferry,weather in macau,macau restaurant menu,macau weather,wing on travel,china map,macaulay culkin,taboo show macau,dancing water show macau schedule,best food in macau,hotel macau,agoda,macau hotel,hongkong,asia travel,city of dreams macau,hong kong airport to macau,hong kong airport to macau ferry,dancing water macau,macau magic show,china,weather hong kong,macau portuguese restaurant,best food in hong kong,macau china weather,macau gaming lounge & bar,galaxy macau,hong kong ferry to macau,ferry terminal,hong kong light show,travel to macau,macau chinese restaurant,hk to macau ferry,casinos macau,macau tourism,macau shows,indian restaurant in macau,hong kong macau,bangkok,super show 4 macau,hong kong airport,restaurant in macau,macau food festival 2015,macau restaurants,best restaurant in macau,macau water show,china travel,macau travel guide,galaxy casino macau,openrice,hong kong shopping,hongkong weather,good food in macau,hong kong hotel,macau restaurant hong kong,hongkong macau,weather in macau in december,weather forecast,accommodation in macau,cheap flights to macau,venetian macau shopping,agoda macau,hong kong,macau currency,macau shopping festival,iifa awards 2013 full show,hong kong weather forecast,venetian,heart bar macau,galaxy,weather forecast in macau,halal food in hong kong,food in macau,banyan tree macau,macau cheap flights,venetian hotel,macau food blog,macau tourism board,hong kong travel,flights to macau from singapore,mgm,city of dreams,macau tour package,macau travel blog,macau gaming show,the house of dancing water,weather hk,hong kong disneyland,hong kong macau map,macau time,hong kong ferry,air asia,macau weather today,weather singapore,best hotel macau,sands casino,halal food in macau,macau show bar,lisboa casino,hotel lisboa macau,singapore,from hong kong to macau,venetian casino macau,shopping in hong kong,venetian macau casino,shopping in macau,macau food festival 2014,singapore airlines,hong kong tourism,venetian macau,macau shopping mall,macau shopping guide,ferry macau to hong kong airport,hk to macau,macau food guide,hong kong weather,casino lisboa macau,world map,hong kong to macau ferry,macau hotels,macau food festival 2017,air macau,macau things to do,google flights,hotel lisboa,macau china,google map,what to do in macau,wing on travel macau,macau food festival 2012,weather in hong kong,galaxy casino,hongkong tourism,hong kong to macau,wynn casino,macao restaurant,macau city,macau light show,map of macau,macau weather december,house of dancing water,macau airport,hongkong macau ferry,macau restaurant tauranga,ferry to macau,macau hk ferry,travel agency,wynn macau,macau food festival 2016,macau casino,macau island,restaurants in macau,macau ferry,ferry macau hong kong,macau ferry terminal hong kong,hongkong map,macau ferry from hong kong,macau ferry terminal map,ozone bar hong kong,galaxy hotel,iifa awards 2013 macau full show,macau galaxy,macau map,hotel in hong kong,weather forecast hong kong,macau world map,venetian casino,airasia,macau package,hong kong map,grand macau casino,hong kong ferry terminal,macau tower,bali,macau hong kong,macao casino,food festival macau,skyscanner,AGODA,macaulay culkin,Skyscanner,中国地图,亚洲旅行,亚洲航空,亚航,国泰航空,威尼斯人酒店,威尼斯赌场,巴里,捷星航空,新加坡天气,梦想之城,泰国,澳门,澳门住宿,澳门住宿攻略,澳门地图,澳门塔,澳门天气,澳门威尼斯人,澳门币,澳门旅游景点大全,澳门机场,澳门美食,澳门美食地图,澳门美食节,澳门航空,澳门赌场,澳门酒店,澳门银河,米高梅,谷歌地图,轮渡码头,香港,香港到澳门,香港地图,香港天气,香港天气预报,香港旅游,香港机场,香港购物,香港赌场,香港酒店
2011-1,1220534,2076066,88,59,100,14,80,56,31,56,21,67,0,66,74,47,0,58,59,16,100,52,62,61,95,41,82,68,51,100,41,62,80,80,69,57,0,64,43,80,26,0,0,0,72,34,72,44,100,62,37,39,70,42,91,72,58,30,79,0,19,54,34,30,75,34,54,69,92,74,27,75,64,0,89,51,0,49,21,86,87,62,22,56,87,67,0,88,73,62,0,95,84,52,73,42,85,62,37,0,81,93,0,21,24,30,14,5,49,100,43,53,85,72,73,21,45,31,0,69,54,67,55,19,36,32,14,56,97,54,0,72,45,52,84,66,65,73,65,51,0,99,98,56,23,0,39,46,60,72,55,67,54,81,0,89,35,5,75,62,78,25,38,0,77,34,55,59,81,84,32,27,76,8,89,72,50,0,55,70,100,88,0,59,48,29,74,69,34,78,44,56,0,37,0,19,71,83,81,43,100,26,61,71,64,45,65,48,75,76,16,17,13838,2944,2728,736773,184,26084,38027,32055,8634,1195,7952,6919,30250,2657,97077,60556,3794,3440,18632,2159,22021,8026,8017,523,5773,6045,2286,435,7582,33212,9113,3735,15237,635326,125,263699,5473,52840,64814,28482,72399,17510,28469,1986,13860
2011-2,1204301,2164249,65,70,82,52,78,53,54,55,25,62,0,59,79,66,0,55,61,11,93,0,73,67,92,33,92,71,48,90,33,73,80,52,75,73,0,61,47,77,9,0,73,39,67,34,67,45,88,56,55,53,76,0,86,66,41,17,92,0,15,63,34,44,76,47,67,72,70,37,57,77,60,0,78,54,0,49,22,46,82,54,11,58,76,77,0,86,69,59,27,85,29,54,38,32,83,73,39,0,71,93,0,23,56,31,21,4,45,88,0,71,79,25,66,19,65,65,0,68,50,74,76,22,37,32,29,39,78,52,0,0,40,60,80,78,32,65,32,54,0,91,87,55,24,0,53,42,42,66,25,70,63,79,0,74,37,5,84,60,79,81,0,0,76,33,70,61,84,88,34,57,76,8,98,76,64,0,64,64,92,75,0,63,82,31,74,75,56,82,71,51,0,40,0,15,72,88,71,68,87,29,55,72,76,73,64,43,77,46,11,16,14322,2617,2665,762487,241,26431,50561,28513,7595,1286,8043,7404,20924,2537,110445,60579,4235,1484,19800,2139,19689,7469,7915,,5257,5302,1317,183,6980,33688,8240,3958,15758,642142,496,251376,5341,46813,53724,24186,59916,15235,22611,2133,11831
2011-3,1254117,2190865,84,59,82,41,84,56,49,77,20,76,0,82,80,45,0,62,100,0,90,25,68,85,90,65,81,75,55,85,50,68,74,65,62,74,40,63,49,100,7,0,0,24,75,36,75,47,93,89,58,64,85,0,95,75,37,28,98,0,18,60,39,51,69,21,45,56,84,71,26,77,60,0,85,52,0,51,20,100,97,59,34,57,92,67,42,98,69,58,0,76,27,37,69,40,94,68,0,0,81,89,0,24,73,28,49,12,59,78,41,100,100,34,67,21,75,29,0,87,59,77,96,21,38,29,9,41,68,52,72,0,55,70,85,61,84,88,84,53,0,89,96,77,43,0,64,62,38,75,52,100,60,68,0,84,48,4,87,67,83,40,42,36,84,48,69,58,80,91,38,26,86,8,100,77,78,0,65,53,90,78,0,74,59,37,76,62,48,94,54,33,5,41,0,18,100,100,81,67,80,25,59,100,53,80,54,42,77,61,0,16,17482,2592,3527,1226787,122,28696,48697,33471,9220,1511,9271,8667,21400,2740,111035,70143,5280,1699,22915,2550,23894,8449,9106,1006,6232,6404,2233,865,8405,34412,9411,5210,15086,915496,486,333379,6429,54551,57028,30580,62009,18083,24843,2655,14813
2011-4,1270753,2338449,71,63,100,79,83,53,52,92,32,59,0,55,100,70,0,65,64,0,84,53,90,85,92,47,81,73,48,74,45,90,73,77,66,72,22,53,45,77,7,0,0,25,79,38,79,48,92,90,62,62,100,0,90,60,49,33,72,0,21,64,48,30,86,80,61,49,86,58,55,83,57,0,86,52,0,49,64,70,100,62,14,61,93,66,0,87,74,77,0,81,57,91,61,51,87,71,0,0,59,90,0,28,24,24,21,38,100,79,0,84,88,60,64,23,66,47,0,100,46,75,81,24,42,28,18,42,73,47,52,0,55,75,88,64,97,88,97,66,0,88,100,92,0,55,62,60,40,60,43,61,64,78,0,79,38,4,94,67,80,50,26,0,74,35,72,69,86,97,43,0,83,8,100,75,63,0,82,59,87,80,0,62,73,35,87,66,60,93,60,35,17,44,0,21,92,90,59,60,97,24,61,72,49,76,67,42,83,44,0,15,16746,2596,3210,970818,301,26300,40238,31385,8075,1134,8274,7311,17057,3096,111482,69040,5491,2132,22842,2434,19113,9193,9206,756,5882,6404,2752,807,7438,35160,8228,4575,13848,1022604,485,337148,6273,51448,41301,27840,63152,17638,25011,2682,14883
2011-5,1326627,2295551,50,63,88,60,79,56,73,100,98,79,0,71,99,71,0,58,56,0,85,49,82,76,92,37,71,68,48,82,40,82,100,78,80,60,0,50,56,75,7,0,65,24,93,38,93,47,93,79,72,76,93,0,88,53,55,24,60,0,100,73,51,32,85,53,63,100,77,78,25,91,59,0,79,41,0,41,30,94,90,77,100,62,93,54,41,86,81,74,18,80,79,55,91,49,86,83,0,0,60,92,0,32,22,50,35,100,58,73,41,71,85,56,63,24,45,44,0,61,42,73,83,30,43,32,13,44,79,56,0,0,32,99,89,86,72,87,72,87,0,92,96,100,42,0,76,64,0,53,46,63,73,97,0,87,73,5,87,60,79,46,48,0,59,84,88,73,85,64,45,38,79,8,94,82,77,0,77,50,86,80,0,90,85,41,87,80,100,94,71,46,28,57,0,100,83,89,60,71,80,30,70,71,61,71,63,43,91,62,0,16,18588,2626,3510,963483,243,32040,61692,33693,8243,1481,8661,8053,15560,3484,127994,77834,5197,2048,21528,3023,15778,10498,9474,1269,5981,6682,2018,571,8074,37102,8485,21361,15285,974464,622,214352,6773,51873,43786,26574,80087,19265,26344,2506,16600
2011-6,1198754,2181476,34,74,82,48,84,54,75,92,97,68,0,68,95,77,0,58,49,0,92,25,100,100,95,58,71,100,49,88,44,100,81,60,79,63,61,57,68,66,8,0,0,24,93,41,93,47,86,100,66,91,88,0,85,61,47,24,69,0,68,80,56,42,89,21,52,63,81,46,52,90,64,0,86,56,0,79,20,90,87,89,26,69,95,62,0,91,76,84,12,100,27,68,58,45,86,80,36,0,74,95,0,36,11,40,36,96,95,79,83,51,89,69,62,23,51,30,0,57,62,74,66,24,41,29,13,44,87,69,49,0,24,80,89,78,88,95,88,89,0,93,93,92,33,0,91,61,38,61,17,56,80,95,0,83,28,6,89,58,86,47,24,0,58,58,75,67,74,77,47,52,100,8,76,100,98,0,74,51,93,66,0,72,82,42,91,79,69,89,77,60,35,68,0,68,82,88,74,88,90,25,80,63,39,56,77,42,90,47,0,17,20460,2634,3576,1191068,246,30430,50577,36302,7220,1338,8905,8792,16876,4872,126181,75591,5038,1710,20250,3023,13060,10019,8850,1270,6205,6174,2856,551,8495,34123,8273,9309,14068,1047994,509,298903,6181,53027,38535,26748,84727,20705,25361,2901,37716
2011-7,1460473,2550867,42,64,81,48,82,55,69,82,92,96,0,74,83,67,0,65,49,0,91,100,94,61,100,40,69,86,52,90,71,94,83,78,66,48,41,44,59,66,9,0,0,48,96,45,96,51,89,77,64,64,71,0,85,49,75,22,91,0,56,60,61,43,100,43,49,82,86,63,26,85,65,0,91,63,0,70,30,74,86,59,34,83,97,55,63,90,63,82,0,96,27,74,58,50,86,100,36,0,62,100,0,40,28,17,75,79,77,81,84,50,84,34,66,22,73,30,27,54,49,71,81,21,42,29,9,35,82,70,49,34,34,88,91,77,88,87,88,93,0,95,93,82,65,0,64,51,38,49,41,56,60,84,0,77,57,6,97,74,94,57,37,0,55,64,82,74,84,50,54,26,91,8,83,73,95,0,76,47,90,88,0,77,74,33,77,66,47,100,79,47,26,72,0,56,95,83,62,57,94,27,100,71,54,65,100,45,85,60,0,18,25497,2819,3884,1336458,436,34282,61455,40592,9484,1644,7923,10150,25632,4247,157281,82665,5782,2568,24092,3202,14793,11233,9558,1808,6783,7100,3048,1056,8180,35696,9895,7734,13625,1235503,430,375329,7386,69229,50120,29390,109169,24287,33058,2922,54543
2011-8,1571015,2698003,32,75,86,65,74,100,38,80,79,100,0,72,87,90,0,61,50,10,85,24,87,93,91,42,79,85,51,86,57,87,96,75,75,50,58,35,57,64,10,0,0,58,100,47,100,49,91,69,74,64,83,0,89,43,45,25,29,0,45,73,63,56,72,41,47,44,66,84,100,89,65,0,88,67,0,72,68,58,82,94,30,81,97,52,81,94,79,89,12,97,77,53,78,60,88,90,34,0,57,92,0,42,32,43,59,77,79,73,79,90,84,77,63,19,57,28,0,61,33,70,97,26,41,29,8,38,100,66,0,0,43,84,90,74,70,76,70,72,0,93,90,80,73,100,64,46,73,43,100,63,73,92,0,80,41,5,94,64,89,42,18,0,53,50,100,84,66,66,37,0,77,18,83,80,91,0,68,62,85,86,0,73,67,67,83,75,72,95,77,70,41,66,0,45,76,94,57,40,80,25,67,68,89,71,94,46,89,59,10,17,27226,2991,3936,1366343,246,35035,69371,100437,10036,1698,8662,9292,20245,3489,163804,87867,5894,4421,26458,3578,11720,12281,12557,1850,6831,7537,3624,2369,8281,37997,10623,7737,12479,1275522,988,358776,6877,71173,40209,24367,93153,25711,32502,3175,57847
2011-9,1246256,2166627,63,76,95,51,69,57,55,73,94,69,0,55,76,78,0,59,53,19,76,70,75,64,82,60,81,85,49,84,48,75,91,72,74,52,19,56,48,71,9,0,0,56,90,44,90,52,83,79,65,64,72,0,89,67,34,37,63,0,46,60,47,28,94,40,65,80,82,93,24,78,63,0,91,52,0,63,0,69,75,91,31,73,100,80,39,97,100,73,17,85,100,57,75,51,87,66,100,0,80,83,0,43,31,21,33,69,66,67,0,74,75,64,55,18,48,55,0,67,66,73,70,23,44,33,16,40,62,50,0,32,66,85,89,67,72,88,72,78,0,90,84,73,60,0,64,80,35,67,38,72,60,100,0,83,45,11,85,65,83,31,17,0,71,48,90,72,67,78,39,24,61,14,86,84,81,0,69,56,80,78,0,79,73,78,90,74,81,86,70,49,26,67,0,46,80,97,80,58,69,32,62,72,100,66,82,43,78,51,19,16,26059,2534,3965,1195527,237,40586,82898,46290,9338,1330,9397,11247,18481,3366,119103,87316,5742,4206,23290,3152,18207,10457,13073,2105,7147,6643,2175,2777,7942,36087,9597,6632,11772,1172403,584,371474,6942,58126,60301,29054,71726,24132,28899,2935,23792
2011-10,1466545,2376643,44,77,94,36,68,57,61,85,85,64,0,42,77,68,0,63,50,36,72,22,73,63,76,100,84,81,58,80,56,73,82,88,89,58,62,59,60,68,7,0,0,21,77,46,77,53,83,67,83,47,83,0,96,68,57,37,100,0,40,78,41,51,63,94,61,87,91,81,34,83,92,0,93,59,0,72,53,67,75,52,41,72,93,72,37,100,89,74,44,70,59,81,81,55,91,66,63,0,86,87,0,51,60,35,43,58,78,63,36,63,87,60,51,19,64,0,0,61,56,76,55,21,46,31,19,44,78,46,0,30,42,86,85,74,81,86,81,62,0,93,90,85,48,46,47,64,34,68,61,63,78,74,0,79,59,7,71,66,74,77,11,0,89,50,64,72,75,71,36,23,86,20,75,88,100,0,85,100,75,71,0,73,74,74,89,89,62,80,71,47,48,64,0,40,88,91,86,63,67,28,68,74,74,82,79,46,83,55,36,16,25826,2149,4349,1094881,249,33032,60727,38664,9796,1602,9911,13776,26104,3555,214623,84193,5817,4433,24214,3089,26007,11069,11680,1089,6784,7145,1940,8764,9605,38806,9749,6937,14356,1184558,722,391453,7131,58669,77314,30242,71044,23099,32596,3139,19342
2011-11,1460992,2417765,82,91,91,66,67,56,92,79,82,85,0,83,75,76,0,67,51,63,70,22,88,78,71,76,86,78,51,80,71,88,84,67,89,68,27,64,68,72,10,0,59,53,81,52,81,55,78,60,66,87,66,0,93,68,16,31,20,0,41,78,41,37,75,48,67,53,96,78,23,90,69,0,88,56,0,74,45,87,73,43,18,79,98,86,0,95,73,74,61,57,48,65,51,35,88,60,0,0,83,77,0,56,100,40,49,64,68,55,37,57,82,81,52,18,67,52,0,63,46,81,84,29,43,31,8,47,84,53,43,0,79,100,88,99,78,100,78,75,0,93,93,79,58,0,87,69,34,68,61,59,78,87,0,81,60,5,67,60,71,66,22,0,89,73,76,81,66,61,43,23,91,64,79,87,97,0,77,59,76,77,0,86,78,58,89,89,58,84,79,100,38,66,0,41,71,91,83,69,61,29,65,71,75,65,74,42,90,67,63,15,28146,2217,4662,992066,492,33736,65920,40517,10506,1584,9216,15502,29287,3218,136983,93160,6031,4935,25498,3437,29917,11472,11826,1651,6715,7698,3110,21374,11001,43019,10388,6717,13896,1109620,673,475655,7298,65439,94451,35847,86255,22946,36736,3177,23262
2011-12,1482380,2545718,88,88,71,30,65,50,64,69,83,58,0,50,91,73,0,53,51,17,63,44,68,89,63,54,72,80,47,68,56,68,60,66,69,84,18,65,51,58,27,0,57,0,73,54,73,56,73,53,66,60,68,0,85,73,56,42,79,0,54,68,41,43,70,19,47,46,81,84,23,82,63,0,90,67,0,73,17,76,62,43,25,92,96,100,0,79,88,77,65,67,23,53,60,52,82,88,31,0,71,74,0,67,34,69,59,38,82,52,54,69,67,89,51,16,61,39,0,67,53,75,72,26,33,32,11,54,69,54,42,0,100,58,84,66,70,93,70,77,0,82,84,69,56,45,60,50,33,73,60,54,68,76,0,70,57,5,57,63,68,38,21,31,85,59,75,69,72,70,35,23,74,60,77,72,77,0,68,39,71,67,0,60,68,81,79,69,60,70,58,52,45,68,0,54,76,82,71,58,61,30,62,62,60,55,68,38,82,41,17,14,30214,2742,5070,885554,244,37073,82721,45936,9927,1567,8204,21345,34522,3488,114746,96370,5951,6104,24057,3015,30091,12059,11612,1143,7155,7509,2789,2745,9934,36275,10438,7553,14215,1025005,1255,467027,7451,70733,117820,36725,93916,24924,40904,3616,24609
2012-1,1494877,2461640,67,75,74,33,66,54,75,70,64,57,0,60,61,71,0,60,51,0,86,40,61,84,80,76,100,82,52,83,42,61,60,55,76,71,24,64,46,68,10,0,53,57,65,57,65,52,79,51,71,36,55,32,85,64,67,21,36,0,50,74,37,36,78,43,66,58,68,57,0,78,69,28,84,53,0,56,24,49,73,39,31,81,78,72,0,77,30,57,20,72,65,30,37,45,80,74,29,0,67,86,0,59,23,45,50,40,52,66,33,52,69,55,59,19,60,24,0,62,52,71,66,18,34,28,28,40,64,100,39,27,46,78,83,80,53,72,53,60,0,100,79,70,43,0,36,55,31,64,65,63,74,73,0,73,50,7,64,63,69,48,10,0,80,56,55,77,69,40,30,21,77,6,59,83,69,0,75,61,86,66,0,66,74,64,77,76,52,70,77,32,24,63,0,50,64,78,67,74,85,31,62,62,74,60,65,44,78,52,0,22,30347,2301,6057,913249,303,32545,67586,48623,8332,1361,8103,16412,37454,3251,120346,81909,5480,6199,21386,3447,35388,11557,12089,1594,7016,7088,2921,1370,9390,29118,9704,7780,13049,924590,1265,393609,7559,56612,136628,39893,84695,25338,34403,3351,18378
2012-2,1285266,2130977,35,71,88,28,70,56,83,72,57,53,0,69,71,73,0,63,47,0,80,42,60,95,79,56,86,87,49,81,39,60,71,64,74,82,17,68,61,69,60,0,0,30,73,61,73,55,76,61,51,80,53,0,88,72,39,41,76,0,48,63,39,35,55,36,43,60,90,70,43,86,66,97,83,50,0,78,42,55,78,33,39,84,85,72,36,89,63,69,16,82,45,31,59,65,85,57,30,0,77,84,0,59,33,47,41,47,74,63,70,24,74,48,65,18,52,37,0,52,59,73,63,23,39,26,18,38,57,77,41,0,57,72,87,74,70,88,70,59,0,100,79,72,36,88,80,52,32,72,29,62,63,75,0,84,47,6,71,69,69,73,0,0,82,63,38,73,70,48,37,0,74,13,60,71,47,0,62,47,88,75,0,63,52,55,64,74,65,62,78,89,30,68,0,48,65,95,77,34,67,43,61,62,38,87,70,45,86,49,0,20,35901,2814,8343,1212098,493,56054,161414,50778,10449,1560,8295,20377,33406,2716,148454,91754,5803,6658,23934,3441,36102,11501,13579,2168,6993,6852,2793,936,9663,32893,9998,7538,13445,1129976,1500,455671,7025,58995,128002,37374,97013,24588,31593,3197,18592
2012-3,1447564,2349703,59,86,88,27,69,57,50,68,79,49,0,62,69,78,0,56,57,16,77,29,65,63,79,49,87,82,47,84,54,65,68,59,86,81,16,64,61,72,17,0,0,19,73,63,73,59,77,53,76,54,64,0,89,72,73,40,53,0,47,67,41,43,72,17,38,54,73,75,0,86,61,100,91,27,0,58,16,52,78,99,22,75,84,63,49,87,59,75,10,73,21,82,36,69,88,56,0,0,82,80,0,59,26,44,48,44,88,56,32,45,76,45,65,18,80,23,42,46,60,78,83,25,41,23,34,41,69,66,38,27,46,80,83,85,60,77,60,52,0,91,78,68,0,0,54,56,59,72,41,58,67,66,0,87,48,6,78,71,72,63,14,56,88,53,63,72,75,66,32,0,62,6,65,93,50,0,74,63,82,71,0,64,54,55,73,86,67,87,61,93,33,67,0,47,69,90,82,64,63,37,58,72,84,69,49,41,86,53,16,21,37330,2524,8398,1235444,560,51947,118286,51426,12358,1715,8046,17396,34101,3201,155286,105070,6521,6825,26140,3522,41402,13344,14276,1539,7933,7800,3029,1837,11217,44428,11350,8150,14056,1167838,3052,450401,7735,64715,134989,40708,92741,25668,34303,3684,20564
2012-4,1391119,2382156,41,73,79,50,66,54,56,64,69,48,0,70,73,56,0,55,51,17,67,20,63,76,79,79,75,77,46,82,45,63,71,62,76,65,41,60,54,70,20,0,0,20,69,65,69,56,70,56,73,54,53,0,88,66,53,32,93,0,58,61,46,48,76,17,49,64,71,27,42,82,60,19,91,69,0,59,57,52,75,64,23,81,85,59,34,83,93,69,10,80,33,55,47,54,85,62,29,0,75,80,0,62,46,41,58,47,82,54,0,18,72,56,64,16,68,48,44,51,62,69,79,20,40,19,18,45,63,65,59,0,49,47,83,73,69,78,69,79,0,83,86,64,35,0,54,58,62,66,89,55,61,71,0,71,55,6,74,62,73,66,10,0,73,64,65,72,57,65,36,0,68,6,68,72,64,0,68,54,79,71,0,77,68,46,76,76,59,81,86,59,27,68,0,58,64,85,75,46,65,30,55,65,63,67,60,41,82,51,17,22,35266,2479,8799,1253495,305,46104,99907,54391,11689,1738,8041,15478,27770,3161,157302,103527,6025,6333,25331,3529,38732,12665,14058,1416,7782,7605,2589,1799,9903,51449,10323,8407,12998,1187146,3511,475754,6956,54512,122351,39192,79075,27346,33518,3783,21205
2012-5,1271540,2146542,26,74,76,42,68,50,61,69,78,57,0,69,87,64,0,86,47,0,71,58,65,55,79,62,66,87,46,85,43,65,68,51,74,51,16,37,56,66,12,0,0,55,71,65,71,54,71,48,59,86,59,0,87,48,21,37,52,0,51,68,53,52,84,41,49,81,74,64,20,83,60,0,78,51,0,54,31,51,72,30,24,81,88,39,0,81,92,71,10,87,21,47,53,51,85,75,55,0,65,78,0,73,13,30,40,69,68,59,32,28,70,79,62,22,72,34,42,48,42,75,60,24,39,21,20,37,60,68,37,0,33,79,86,68,65,85,65,78,0,83,82,69,100,40,86,53,29,48,62,54,68,71,0,83,45,6,72,62,72,54,9,0,61,65,49,76,65,100,36,40,63,9,61,80,51,0,73,58,81,71,0,70,58,65,72,74,75,68,59,51,27,77,0,51,71,77,65,83,66,38,71,66,83,65,79,41,83,41,0,23,37440,2234,9814,1186662,618,60744,146277,58355,9568,1478,10332,18028,19443,3418,176964,99741,5988,5892,21798,4285,26754,11885,12984,995,7877,7381,2733,1938,9779,58680,10132,8018,18133,1078037,3802,453856,7359,55770,97529,29877,72376,26896,29661,3696,18335
2012-6,1220846,2106696,40,81,74,16,73,47,59,67,100,47,0,58,80,62,0,56,42,0,75,39,62,70,86,49,56,78,50,76,44,62,65,59,75,36,16,62,61,53,13,22,52,38,69,66,69,53,68,48,68,69,57,0,85,60,58,43,78,0,56,66,58,43,84,34,50,57,66,56,0,85,61,0,86,50,0,62,32,65,69,93,41,87,86,38,0,77,30,75,10,98,32,44,100,53,82,63,28,0,74,83,0,79,9,31,36,72,84,60,33,45,71,54,58,25,94,23,21,57,81,69,61,21,39,18,7,36,61,65,38,0,26,64,86,67,84,81,84,59,0,84,68,67,60,41,69,49,0,60,50,50,66,71,0,89,45,6,71,71,75,74,10,0,60,74,60,77,64,57,33,41,53,9,63,81,64,0,69,53,82,71,0,79,70,55,72,75,67,62,53,21,28,90,0,56,61,75,74,61,68,33,66,61,42,78,65,42,85,50,0,24,36571,2240,8714,1266209,423,48018,108602,55133,8692,1567,10628,17738,20067,2970,149056,108002,5762,5110,23353,3987,25703,11990,12694,496,7797,8166,2571,1397,10058,49720,10324,7544,17539,1115216,2951,492227,7492,60940,106361,35054,85586,28726,31562,3545,20197
2012-7,1456351,2444264,65,67,74,21,84,51,46,68,91,54,0,58,98,75,0,56,43,8,76,67,61,62,92,54,61,82,50,93,45,61,66,85,85,57,47,67,56,51,14,28,0,37,78,71,78,54,73,48,73,68,63,0,85,77,36,31,47,0,61,80,65,68,74,25,51,56,60,100,30,82,65,18,98,65,0,75,31,69,72,83,30,92,96,57,33,80,68,72,10,94,21,57,80,70,86,58,28,0,94,89,0,82,22,44,45,73,77,64,80,39,71,26,62,24,62,34,0,55,88,71,65,22,43,21,13,40,60,75,37,53,25,76,87,78,82,82,82,51,0,86,58,68,50,0,68,56,29,77,45,51,80,73,0,92,56,7,88,67,77,62,47,28,74,62,52,77,68,59,40,0,60,6,65,93,64,0,78,67,86,59,0,66,65,58,76,85,74,57,66,72,38,100,0,61,59,82,94,52,65,37,73,63,77,89,78,44,82,58,8,26,48521,2672,9736,1445305,652,62330,153824,70358,11543,1823,8884,22690,35867,4021,182322,120409,6787,6402,27226,4914,31324,14402,14736,2394,9504,9128,3297,2545,12957,49307,12478,8772,13940,1374813,3072,574985,8646,99124,177322,40006,86244,36951,38122,4148,28752
2012-8,1635080,2681141,33,74,96,26,82,53,69,66,84,45,0,71,81,72,0,60,53,0,71,49,66,56,89,61,66,83,49,90,48,66,77,74,79,61,24,72,65,56,53,36,0,46,78,73,78,54,72,56,62,72,53,31,90,67,29,49,53,0,54,76,65,53,76,50,70,85,55,68,40,89,65,18,94,57,0,60,55,66,74,53,22,96,80,44,33,85,88,73,34,79,21,62,89,85,91,74,0,0,93,88,0,82,39,22,35,68,73,65,48,39,72,80,61,37,65,57,0,57,89,69,84,24,42,20,13,40,77,79,0,0,26,61,88,87,94,74,94,65,0,81,70,66,84,0,72,62,74,67,31,56,76,73,0,92,54,7,78,64,75,42,33,0,64,59,75,78,68,53,34,0,51,24,77,84,59,0,80,93,81,54,0,74,73,29,86,79,71,63,73,93,38,94,0,54,78,91,93,36,73,34,65,67,42,70,72,46,89,46,0,25,55850,3815,9691,1381818,783,69193,165837,70217,11420,1699,8666,23400,31950,4071,159524,105239,9354,6181,28343,4640,38454,16073,16182,4199,9076,9352,3891,3763,12597,54807,14930,8476,13074,1264384,2802,473810,9156,83733,241185,39151,81255,33859,38118,4028,30119
2012-9,1255962,2161566,39,62,81,21,85,49,88,60,75,59,0,87,76,88,22,61,51,23,65,48,62,70,78,63,65,83,52,91,55,62,68,92,82,62,16,32,67,65,56,28,52,0,77,72,77,56,77,59,71,87,59,0,94,45,79,43,18,0,48,81,49,35,86,25,68,77,79,68,0,88,66,0,86,38,0,61,47,55,73,76,26,79,93,41,0,88,59,74,38,64,31,100,36,74,89,60,28,0,58,82,0,91,48,39,43,46,78,57,0,28,71,62,59,52,94,34,21,61,37,78,69,26,47,22,7,40,75,63,38,26,31,90,92,88,85,87,85,92,0,79,72,60,92,80,87,72,29,45,67,63,81,77,0,81,58,7,79,64,76,47,14,28,61,70,71,85,68,41,35,20,69,32,66,86,64,0,79,76,74,58,0,68,80,47,87,82,80,60,74,87,47,85,0,48,60,90,58,40,63,42,59,67,36,68,74,44,88,70,23,25,50302,2526,9030,1486558,731,69762,160703,55051,9588,1354,8519,20569,27512,7854,130514,103502,6417,5749,21256,4230,27025,13436,13663,3575,7865,7756,2839,8898,10941,47166,14465,7658,12801,1207140,1801,650619,8893,61687,200154,30676,62828,27164,30977,3606,21134
2012-10,1445420,2347646,59,80,77,38,78,48,100,63,72,43,0,74,89,60,20,61,51,32,60,61,66,69,74,73,75,84,50,83,63,66,73,58,92,72,70,42,56,56,17,0,46,25,74,75,74,59,72,49,79,91,63,28,84,50,52,51,48,0,44,89,45,42,81,15,72,46,72,64,18,88,64,0,85,51,0,58,14,42,68,82,29,81,91,53,29,88,92,69,26,66,47,69,24,83,88,64,25,0,61,76,0,89,31,43,48,47,66,52,58,55,74,87,54,38,75,21,0,34,33,83,78,24,100,21,12,43,97,66,34,0,43,87,86,85,79,89,79,52,0,75,69,63,45,36,91,76,27,50,36,54,89,74,0,84,47,7,72,68,72,49,21,100,82,86,67,77,55,37,41,27,54,29,70,94,79,0,85,89,76,59,0,77,65,59,88,92,74,67,81,69,34,79,0,44,61,85,61,39,60,40,57,67,43,86,69,42,88,53,32,25,49588,2093,10041,1044893,780,68077,163056,51104,9820,1161,8651,22723,37108,4661,149390,103231,6779,6513,21678,4458,32770,14242,18853,2249,7795,8551,2821,18913,12456,55224,10884,8586,12264,1224438,2011,442222,8790,58120,289900,33525,62026,25794,33897,3834,23238
2012-11,1503158,2374110,77,86,88,53,82,47,56,62,76,56,0,100,67,77,0,100,39,68,55,44,63,64,68,92,73,77,51,78,55,63,71,82,99,78,29,71,67,57,21,13,0,34,75,75,75,64,73,48,77,90,59,0,83,69,79,31,43,0,46,84,40,40,81,38,83,53,71,86,37,91,66,0,82,52,0,72,64,47,57,83,29,82,91,78,45,83,85,81,92,56,19,61,24,87,89,76,25,0,92,72,0,90,40,60,37,49,54,47,29,41,62,56,53,34,76,42,0,62,52,83,85,40,43,22,18,53,61,62,0,48,43,85,83,95,75,83,75,44,0,72,66,62,53,37,90,69,40,69,65,51,84,70,0,84,45,7,58,76,67,45,17,89,89,97,53,83,51,57,37,37,73,86,70,94,63,0,87,94,72,64,0,100,79,50,88,99,83,59,92,66,55,78,0,46,68,80,92,55,54,41,67,63,54,83,71,40,91,97,68,23,53359,2325,10478,889987,608,84456,194026,49450,11456,1398,7710,25009,49651,4016,156378,108691,6951,6818,25842,4957,68199,14154,21101,2186,7832,9202,3101,33831,12607,92698,11887,8677,11961,993300,1932,401439,9360,62102,493638,48319,63393,26440,38827,3876,22862
2012-12,1495316,2495851,65,71,58,33,80,45,48,61,64,34,0,65,75,90,20,62,37,7,52,61,53,66,61,76,61,82,52,68,54,53,64,49,91,99,28,79,57,51,43,0,47,17,63,76,63,66,65,44,70,60,78,0,84,73,58,63,90,0,42,80,41,44,64,53,76,46,61,73,18,89,65,0,82,69,0,72,35,61,56,62,27,92,91,71,29,69,53,79,78,74,38,30,65,70,83,72,76,1,90,68,0,100,32,59,55,34,37,44,29,55,57,56,63,34,53,21,0,65,72,79,68,28,43,19,21,52,53,70,34,0,57,57,83,87,100,87,100,77,0,64,61,61,61,0,60,62,27,73,28,50,80,60,0,70,62,7,52,61,66,61,13,0,90,100,43,83,46,64,37,27,52,51,74,84,64,0,71,87,69,58,0,77,94,56,89,91,80,51,72,56,51,79,0,42,62,71,90,47,53,37,53,59,38,79,82,40,89,58,7,21,53979,2900,10488,876341,536,71471,168272,52334,10999,1347,9132,25105,51065,3646,188572,104871,7045,5901,21444,4149,57612,12333,15643,2399,7998,8573,3485,4908,12003,79156,11265,8859,11678,976435,1374,397978,11341,65122,623825,53921,89389,28404,40504,3844,25314
2013-1,1473785,2312321,43,75,82,61,88,51,38,54,60,43,0,73,64,68,18,61,49,7,71,24,57,39,76,90,79,87,51,95,55,57,62,83,77,68,46,64,63,54,17,12,0,31,62,79,62,62,74,53,66,71,49,0,83,60,48,38,78,0,40,74,37,43,78,62,98,53,54,59,25,81,71,0,78,48,0,59,26,55,67,44,17,80,80,60,27,77,69,87,16,82,43,68,59,65,83,76,23,1,63,79,0,87,29,55,27,50,76,58,53,14,69,73,72,34,69,57,0,46,54,75,84,23,38,23,20,51,64,69,32,0,29,66,84,80,80,82,80,57,0,80,58,54,35,0,71,80,24,60,34,56,74,60,0,77,74,11,64,66,65,54,12,0,76,70,31,78,60,35,35,100,75,10,56,85,57,0,78,82,88,61,0,84,60,57,80,77,60,67,94,51,33,76,0,40,65,75,63,60,71,46,63,61,35,69,71,46,81,74,7,32,66100,2725,11710,990355,999,81500,216543,61846,11803,1046,8719,26045,54534,3402,213106,108699,6453,5507,22175,4452,47739,13002,19332,3756,8600,8683,3697,3509,12974,52218,11181,8266,14405,1011402,1494,381175,10620,69049,626218,45098,62480,32612,38849,3828,22928
2013-2,1508599,2376840,53,60,59,48,82,47,52,53,50,40,0,88,64,56,0,62,41,14,66,26,49,45,75,65,77,76,49,82,49,49,58,61,61,61,28,48,61,55,13,13,0,17,56,71,56,59,64,42,53,75,49,0,80,52,39,45,37,0,38,69,41,32,62,53,68,74,56,47,18,77,68,0,72,44,0,44,35,58,60,69,15,75,75,47,59,70,67,81,9,65,56,61,24,63,77,63,25,5,58,80,0,83,28,64,32,44,66,59,0,30,65,48,67,33,79,83,0,45,51,68,56,23,35,19,18,53,53,67,34,0,28,70,80,73,87,67,87,43,0,73,61,53,38,0,75,59,27,52,57,54,69,56,0,67,42,10,67,65,66,61,21,0,68,73,27,69,48,51,33,0,57,0,54,75,44,0,63,63,81,55,0,77,86,56,66,61,56,54,80,28,50,78,0,38,65,70,58,40,63,38,49,54,54,68,87,43,77,61,14,31,63110,2234,10960,906233,724,75208,187120,55953,11151,768,7950,19928,43895,2867,173464,97533,6200,4073,19115,8740,41429,11991,22494,3010,8147,7741,3389,2306,10326,49209,10988,7573,11817,873279,1493,323697,9712,56942,534261,41450,75401,29056,32626,3725,18975
2013-3,1431810,2387281,68,84,78,43,99,50,65,60,57,40,9,85,64,67,0,56,42,0,67,46,49,59,76,62,75,78,49,87,55,49,74,74,78,63,25,64,73,56,15,23,0,15,67,81,67,61,69,69,55,42,62,0,83,64,81,52,71,0,44,76,47,44,59,54,66,69,64,81,24,90,67,14,83,64,0,70,19,65,67,67,21,79,85,47,66,81,75,90,8,78,34,31,65,80,86,68,22,5,70,77,0,97,25,74,53,48,55,57,65,36,69,100,65,35,81,19,34,54,60,90,63,27,41,20,16,46,67,66,61,21,21,71,85,83,83,80,83,83,0,73,65,60,27,32,42,71,24,64,29,56,76,64,0,70,71,11,75,66,69,72,31,0,84,82,45,84,63,53,41,16,60,5,59,79,72,0,73,64,84,60,0,86,88,53,79,78,46,54,95,37,60,88,0,44,70,86,70,45,58,39,67,61,43,59,91,43,90,47,0,33,78265,3089,13152,1206256,837,99047,233765,69305,11935,1210,7832,23465,41187,3954,211720,110319,6962,4388,21996,8478,46915,12031,25324,2759,8867,8152,3653,2825,13057,60845,11304,8249,13299,1173560,2502,392999,9419,63673,598590,44831,64388,29858,32902,3935,22105
2013-4,1536262,2398340,75,64,76,26,100,47,60,59,65,45,0,84,71,55,0,58,46,0,66,32,54,48,76,95,72,76,46,86,52,54,56,76,74,62,19,66,57,69,14,23,42,15,63,80,63,64,70,58,85,77,51,0,91,61,53,43,68,0,46,69,47,51,71,27,39,76,53,56,41,84,64,0,81,61,0,56,51,49,72,100,23,76,84,48,27,76,44,87,24,69,26,94,37,75,86,59,0,6,70,77,0,87,47,36,60,43,75,62,53,64,69,87,64,32,74,28,0,37,65,92,69,28,40,22,28,51,65,58,31,0,24,56,85,84,75,83,75,62,0,70,61,59,41,0,77,70,0,61,29,56,69,53,0,69,56,11,77,68,71,52,27,0,76,64,41,74,60,41,38,17,73,12,58,84,63,0,75,51,79,63,0,73,75,63,73,74,66,51,82,30,38,80,0,46,56,77,70,46,67,45,57,60,49,61,76,47,84,43,0,34,71618,2445,14079,1361798,761,90331,231213,69887,12369,961,8530,22894,40689,3816,200541,118190,6971,4925,20943,6733,54179,13078,25801,2171,8680,8707,3018,3039,13574,53936,11695,8694,11375,1226676,3108,411464,9285,62218,582435,48629,54038,30398,32550,3904,20430
2013-5,1491231,2342523,68,75,73,42,91,47,58,68,70,44,0,60,73,62,0,60,40,6,65,39,61,53,78,79,69,86,47,78,50,61,60,72,89,73,0,56,68,57,15,68,0,30,64,81,64,66,70,55,54,71,54,0,85,60,29,50,65,0,44,84,51,34,84,13,64,61,66,83,16,86,63,0,79,65,0,63,50,49,64,48,31,82,81,44,0,73,51,91,15,82,33,61,50,65,86,69,22,3,67,77,0,92,38,24,36,65,80,57,38,27,63,64,63,38,85,46,17,36,59,90,63,31,41,20,11,51,69,56,30,0,23,55,85,90,82,77,82,60,0,69,63,68,40,32,71,72,47,60,54,51,84,65,0,66,60,11,75,63,71,67,8,22,72,91,64,84,59,59,33,32,55,12,57,78,61,0,80,81,77,56,0,73,72,52,79,89,57,56,74,45,52,90,0,44,61,77,67,29,75,39,62,54,57,78,77,49,86,46,6,34,74858,3267,16571,992564,723,88326,206034,67990,13492,1497,8307,23812,28817,3947,201700,117792,6372,4359,18599,6837,49036,14539,29468,2201,8364,8246,2290,3257,13267,58436,10850,8562,13186,1141345,2676,409620,9716,62860,535428,39916,84900,31804,32559,4149,19898
2013-6,1464665,2324935,43,76,75,52,88,50,73,67,63,40,0,71,52,68,0,55,41,7,68,40,60,69,80,57,64,80,49,85,45,60,64,83,85,56,45,55,69,49,11,100,86,46,67,84,67,68,68,72,62,62,52,0,80,55,59,51,34,0,47,77,54,50,75,41,49,57,69,78,25,86,65,15,85,61,0,70,45,36,63,50,28,84,82,36,41,75,69,85,24,82,26,87,59,77,86,65,0,3,74,79,0,90,29,65,44,66,95,55,80,23,65,44,63,36,92,38,0,37,55,85,53,29,40,20,19,74,64,54,47,0,14,75,100,84,66,83,66,54,0,72,65,67,62,0,62,63,73,55,44,49,77,64,0,77,67,12,73,59,74,67,35,23,66,80,67,81,65,71,41,17,58,22,54,73,52,0,75,67,79,54,0,67,79,57,77,85,72,58,69,34,48,93,0,47,53,82,74,53,74,41,68,59,44,68,80,53,86,39,7,36,81439,2467,22719,1042036,1255,104853,228724,77496,20122,1327,8790,27521,32278,3619,203920,112941,6401,4965,17011,6689,38612,14125,22039,2371,8220,8353,3543,2217,16187,52395,10743,10373,49289,1110466,2733,416715,9644,54060,402849,39139,94265,32303,35390,3838,21774
2013-7,1660096,2565170,84,76,87,55,94,50,99,68,52,41,0,59,62,61,0,58,39,6,69,47,59,80,90,52,62,83,50,84,50,59,66,82,74,62,38,52,61,48,14,57,0,68,64,85,64,65,70,61,65,50,44,25,80,45,23,50,38,0,47,67,70,28,64,0,63,66,66,89,16,82,70,14,78,81,0,63,63,53,61,61,23,67,75,37,0,70,55,86,16,83,51,81,14,66,76,78,0,40,57,83,0,91,21,35,67,47,92,59,26,40,60,64,61,41,86,46,0,31,35,79,65,32,35,21,11,45,61,64,0,0,23,67,91,70,60,75,60,58,0,73,54,68,47,33,50,76,48,45,33,49,67,66,0,96,62,14,80,75,77,72,31,0,62,74,39,75,73,65,41,0,68,7,57,83,67,0,62,67,83,52,0,70,70,82,69,74,59,44,67,25,43,100,56,47,60,70,57,81,80,43,75,50,24,67,87,49,82,43,6,39,100630,2099,22008,1457895,713,111370,286244,91220,20830,2889,9055,30783,41222,3732,224705,120682,7387,5748,18628,6946,36764,14629,26063,2375,8721,9010,2805,3128,19763,61395,12290,11214,23093,1272090,2923,460181,10585,71022,240243,42482,132238,38588,38592,4050,28582
2013-8,1881588,2871088,84,96,70,34,87,51,96,65,54,44,0,64,72,79,18,59,36,6,63,31,61,95,85,42,62,79,51,94,66,61,64,95,75,58,25,84,68,50,13,92,0,15,67,86,67,64,70,71,90,85,59,0,82,72,29,58,66,0,43,80,73,46,83,20,72,41,100,71,41,92,70,0,92,55,0,67,25,51,62,43,19,82,79,51,39,79,71,77,23,76,25,85,65,100,82,74,0,100,93,81,0,90,49,39,67,47,85,61,26,31,66,71,57,38,94,56,0,52,84,87,62,30,38,18,38,44,55,64,30,22,18,59,87,100,55,82,55,58,0,69,58,65,68,0,85,76,71,72,36,53,80,71,0,77,73,12,77,62,77,80,27,0,80,72,46,89,48,50,50,16,64,12,61,97,62,0,79,94,76,59,0,71,80,50,85,75,71,51,98,62,47,92,100,43,70,80,93,100,75,36,68,54,67,74,82,50,92,55,6,37,104397,1995,20781,1180794,419,89265,232148,91324,21047,3017,8889,32281,33901,3935,230329,120061,7180,5415,21807,7101,51630,14829,27389,2251,9384,9868,3318,3967,18933,69459,12707,11571,19805,1258864,3336,458886,10119,60851,293163,48921,115061,40151,38246,3977,29292
2013-9,1502723,2332325,56,86,58,70,87,53,66,59,55,37,19,56,64,62,0,57,44,15,59,61,54,39,73,54,58,80,51,92,50,54,59,78,88,73,49,72,67,58,11,67,0,0,63,82,63,67,66,61,73,70,60,0,83,88,34,54,55,0,38,82,52,51,88,46,61,60,60,66,16,91,68,0,100,71,0,61,37,45,61,48,24,76,83,51,0,79,73,81,34,64,57,60,21,68,91,77,22,20,100,73,0,90,31,28,30,51,97,53,50,66,67,42,59,38,64,90,0,52,73,86,71,28,39,20,50,53,73,56,0,21,23,71,87,86,67,82,67,57,13,73,57,59,73,32,70,63,23,88,46,62,82,71,0,84,58,12,75,63,74,70,30,0,92,80,34,82,52,44,38,16,65,40,53,90,59,17,84,73,71,52,0,71,87,100,88,88,40,47,83,44,49,76,26,38,70,80,100,75,71,43,60,64,37,61,82,50,91,46,15,35,98678,3417,18327,1177240,183,99756,281411,77693,17892,2677,10989,28877,27291,3822,153571,108941,6483,4089,18078,6902,43117,13412,30304,2040,8889,7908,2104,4661,18131,58603,11463,10807,13264,1164797,3545,408447,9223,49712,220956,35920,91592,36013,31898,3571,23550
2013-10,1514373,2394195,88,73,86,39,86,48,60,57,46,25,58,80,74,73,17,62,45,18,55,58,51,72,73,60,60,79,50,84,59,51,61,69,93,78,18,42,75,61,12,42,39,28,62,88,62,70,67,57,84,80,53,0,88,52,64,59,57,0,35,87,45,49,85,31,63,73,61,87,15,91,66,0,83,57,0,75,35,44,61,79,18,75,90,40,36,85,84,88,32,59,31,43,67,75,87,72,21,10,51,72,0,88,36,49,74,41,48,50,24,29,64,53,52,34,83,51,47,51,30,94,77,32,48,19,8,47,67,54,0,20,20,69,85,92,49,91,49,100,0,69,67,57,44,60,80,70,22,52,40,58,87,67,0,74,66,14,69,69,86,74,21,0,83,60,40,89,48,46,36,38,66,31,53,89,59,41,84,70,70,51,0,71,73,65,85,93,68,63,80,77,63,69,14,35,68,89,51,51,70,41,56,65,53,80,71,46,91,51,18,35,91665,2674,18210,1030282,1272,103847,220678,65272,17258,2549,8177,26577,24481,4441,183588,125871,6575,4460,19419,7529,32169,13696,32300,2340,7946,8521,2249,10939,17322,58425,11801,12528,13397,1070412,2795,386846,9311,48427,160871,27611,75510,28621,29767,3601,29316
2013-11,1546641,2432975,55,100,70,65,79,49,59,67,40,45,100,66,60,91,17,67,49,51,50,67,68,61,68,63,63,74,53,83,72,68,70,65,100,89,42,69,70,60,13,60,79,78,65,88,65,75,67,48,94,95,58,24,89,71,66,76,72,0,33,100,42,53,79,51,83,98,61,87,15,100,73,0,87,67,0,62,54,42,54,58,37,76,95,52,100,80,86,100,89,57,32,48,55,72,87,66,0,7,67,72,0,90,33,71,48,41,67,45,98,26,62,95,54,33,69,70,97,51,51,96,100,100,49,20,18,52,79,54,0,41,27,68,84,86,57,99,57,71,13,65,63,67,71,92,95,86,23,71,48,58,100,60,0,81,58,13,61,100,89,74,11,0,99,88,35,97,61,59,40,0,76,100,60,85,56,100,98,94,67,52,0,68,82,53,100,100,74,54,89,67,59,69,6,33,94,82,67,80,58,46,67,68,55,100,68,46,100,58,51,34,78190,1996,14900,816901,1446,90690,225365,63656,12316,1925,7363,24377,29973,4586,180474,110123,6280,3779,18296,6211,47750,12589,27599,2507,7420,8501,2439,19987,14736,55097,11083,8802,12708,948876,2800,389022,8876,48031,179179,39499,60361,26262,37080,3648,19608
2013-12,1620434,2586829,99,77,66,100,74,46,64,54,37,29,72,70,70,62,33,59,41,6,48,44,47,42,62,64,53,73,56,73,57,47,67,77,73,78,83,67,56,51,50,59,0,42,56,92,56,77,65,68,84,71,58,0,85,74,44,58,58,21,31,80,44,47,70,38,100,58,58,96,46,90,73,0,86,74,0,86,42,70,51,40,26,87,89,55,37,68,89,94,73,74,55,36,54,73,83,71,21,15,77,66,0,97,43,63,61,32,62,40,36,38,58,40,62,34,46,17,0,51,51,91,81,30,40,19,28,58,79,56,57,0,38,81,88,86,67,93,67,62,0,61,55,54,38,46,71,85,22,74,41,53,80,58,0,76,75,13,57,55,79,61,14,0,84,92,35,83,52,67,35,54,75,56,67,82,66,58,80,88,65,55,0,64,63,66,85,73,65,54,93,31,62,72,11,31,69,70,77,91,44,40,47,64,23,69,66,47,90,60,6,30,86228,2988,13904,852230,1177,80804,201254,73194,12790,2438,8279,28854,42426,5484,336361,116134,6734,4398,16365,6212,44625,13377,28362,2622,7499,8517,2928,4532,14204,57863,11680,10347,13911,897098,2600,430291,10966,54810,225918,43561,75395,28634,62756,3648,23124
2014-1,1689277,2503609,69,80,72,33,74,48,59,45,35,33,54,69,55,53,47,61,49,11,66,20,48,57,79,48,74,75,56,95,64,48,60,86,81,67,22,55,57,55,21,70,0,52,52,85,52,74,71,52,85,77,56,0,81,60,61,47,25,0,33,83,44,42,79,70,79,68,51,82,14,86,78,13,80,50,0,61,55,45,62,85,34,78,80,44,23,71,69,98,7,80,44,67,31,63,81,66,0,13,58,78,0,81,28,52,43,27,48,56,34,20,64,25,66,37,87,48,22,44,44,80,87,24,37,20,9,49,74,57,0,0,28,63,83,83,66,76,66,55,0,70,58,45,35,0,77,85,42,60,19,59,83,62,0,73,63,18,69,60,83,94,10,0,82,82,32,84,54,60,33,28,57,8,53,90,56,38,85,82,80,55,0,76,78,66,79,81,59,54,83,36,55,74,15,33,63,75,58,62,49,38,57,65,59,55,70,51,86,50,11,44,93255,2948,14015,910888,602,84534,195383,70780,13021,3103,8356,29183,49706,5558,272796,109860,6597,4171,16681,6316,44087,13472,28369,3124,8049,8731,2906,2304,13875,59314,12462,11597,13497,847778,2871,400868,11315,59620,216376,38130,78529,31255,58615,4039,24259
2014-2,1714776,2560560,45,100,70,49,68,49,53,48,24,42,50,66,67,65,0,57,45,6,63,30,43,48,77,46,65,75,51,86,52,43,61,67,72,91,66,79,66,56,12,66,40,43,52,87,52,71,69,47,73,80,55,0,80,77,28,49,54,0,30,78,41,36,75,45,69,75,54,50,62,87,66,0,73,63,0,68,42,39,57,70,31,79,73,53,76,70,60,86,0,85,56,59,55,72,80,69,0,7,89,77,0,84,20,27,45,32,67,50,49,13,64,55,59,36,60,27,16,44,70,73,78,31,35,19,41,36,44,66,0,0,21,55,82,84,42,71,42,48,13,67,53,48,52,31,80,72,23,77,48,60,78,57,0,91,70,18,79,62,85,70,22,0,87,71,31,83,54,66,31,31,70,7,44,70,48,34,66,59,82,52,0,66,56,84,67,72,62,50,77,51,41,72,17,30,65,72,89,62,55,43,53,63,37,71,70,51,87,70,6,43,96239,2745,14527,997582,771,105937,294255,66727,14366,3623,8033,30269,41197,5795,263350,136469,6635,3938,16321,6948,53799,14151,34146,3390,7844,7960,3091,1875,15078,60162,12721,9620,12747,936714,2808,374973,9716,52916,290750,46783,77356,27463,51191,3769,21105
2014-3,1769408,2625997,50,92,86,44,70,51,40,48,36,38,54,66,67,67,0,60,45,11,63,20,42,66,73,35,74,72,48,85,55,42,55,59,72,65,44,59,70,71,13,74,0,32,56,90,56,73,66,55,78,59,49,0,87,74,65,63,49,20,33,74,47,58,67,40,64,50,56,54,21,86,60,0,84,45,0,77,38,47,60,79,20,75,80,50,45,72,71,76,7,67,43,60,31,73,87,79,39,4,88,73,0,79,33,61,46,33,54,46,100,23,65,49,61,44,78,32,0,36,66,79,64,28,38,18,32,46,55,59,39,0,19,69,87,86,51,78,51,67,0,70,66,48,29,0,59,68,31,74,44,69,74,62,0,79,50,18,74,68,92,69,23,0,94,70,34,85,52,62,39,42,49,4,52,78,52,23,74,59,80,55,0,72,64,30,74,72,66,62,63,75,51,70,0,33,57,73,88,39,46,38,49,64,70,63,59,49,86,59,11,43,98056,2678,15130,1188664,586,107232,233259,90169,13059,2922,7905,31803,31722,5796,241593,126610,7067,4337,16503,7194,53867,13882,35690,3461,8475,8578,2735,1918,15858,61824,12532,9964,16327,1323363,3615,376360,9677,54803,251078,47762,72340,30314,47039,3782,19853
2014-4,1743776,2636614,52,88,77,50,66,51,45,53,39,44,43,79,61,73,48,58,41,6,59,42,53,54,75,42,74,71,46,80,55,53,66,67,88,61,34,48,64,57,10,62,37,20,57,95,57,71,63,60,85,93,65,0,84,59,83,58,60,0,36,91,55,39,78,66,65,80,65,49,37,92,60,0,83,59,0,68,28,52,63,39,13,76,87,45,24,69,57,78,17,68,60,35,58,70,84,69,20,6,72,74,0,82,32,45,53,29,66,46,23,44,61,45,61,52,86,17,30,36,51,81,65,34,47,19,27,50,72,55,27,39,18,48,86,95,64,83,64,67,0,66,67,53,43,58,93,70,0,59,32,55,91,57,0,69,62,19,85,71,95,85,17,0,70,75,45,93,54,54,34,51,59,13,55,84,63,24,87,65,76,59,0,71,65,55,81,88,87,51,100,30,49,75,0,36,58,75,72,58,54,41,62,58,73,79,73,51,92,59,6,45,93094,2138,14176,1040477,648,78056,177675,78745,12634,3078,8040,26822,23461,6478,177643,132009,7016,4031,17081,7497,48389,15025,33462,3130,8399,8808,3212,2271,14304,51963,12507,10026,15690,1042218,3532,425059,9844,53855,189769,43541,68168,28950,45182,3879,19972
2014-5,1699778,2525026,71,74,66,42,56,54,61,54,37,31,47,67,59,67,16,59,40,6,60,49,53,54,77,42,70,76,54,79,61,53,67,89,80,60,51,51,63,58,23,36,0,40,55,91,55,73,66,70,92,85,42,0,86,60,52,60,47,0,35,77,52,49,100,54,97,44,52,96,36,89,62,0,83,81,0,78,34,31,60,22,26,81,82,38,47,69,71,75,7,71,30,62,64,65,83,67,0,11,70,74,0,75,16,57,66,31,69,43,46,20,65,89,62,46,66,66,45,43,52,79,68,33,40,19,19,47,58,51,27,0,13,61,84,91,62,87,62,54,0,67,65,54,48,29,85,78,21,60,45,55,77,60,0,77,81,20,100,64,94,94,10,0,75,67,31,91,52,49,34,29,58,4,51,79,58,24,89,75,73,56,0,68,56,76,80,80,56,54,73,26,53,76,5,35,56,77,70,43,53,43,69,60,69,62,67,53,89,50,6,45,97224,2744,16638,1061103,902,81391,170204,77506,12945,3576,8718,27596,22014,6332,367832,149161,6941,3512,17988,7699,51904,15555,34641,2768,8543,8646,2988,2161,15143,70414,12802,10334,14402,1130219,3771,449910,9738,60536,224667,45260,53267,32031,48417,4017,19889
2014-6,1597289,2432041,58,69,55,34,56,51,59,52,45,49,43,65,62,81,18,59,39,6,63,47,53,67,81,49,63,75,48,74,51,53,65,61,81,54,38,36,63,48,10,51,0,22,57,91,57,74,62,49,47,60,46,0,77,42,58,56,52,0,33,78,61,31,64,20,61,57,39,52,49,84,56,0,78,55,0,83,38,51,52,61,18,81,78,33,0,68,59,83,31,70,76,58,36,83,81,73,0,10,41,73,0,72,21,49,69,35,55,47,26,18,58,21,59,43,55,92,17,47,34,77,64,27,38,22,8,45,50,50,0,0,15,43,86,91,62,77,62,69,14,67,55,52,74,32,60,74,48,42,32,70,78,57,0,80,74,22,77,63,96,74,19,0,62,66,35,87,47,67,37,33,55,19,45,72,72,35,83,64,78,59,0,68,63,67,89,81,67,50,86,54,57,79,0,33,60,78,41,42,47,49,61,57,67,83,83,54,84,84,6,48,99346,3086,19660,1314254,950,73492,174486,68074,13311,2691,9621,29182,20970,6889,202584,149640,6811,3372,17959,9868,33952,15475,33215,3437,8382,8243,3271,1596,14730,92029,11120,9363,12944,1397923,4143,483074,10327,61451,145202,36198,46491,32168,62962,3908,22774
2014-7,1871599,2753394,88,97,84,50,54,52,58,50,41,38,52,56,71,60,35,58,40,0,64,69,45,64,87,58,66,75,47,84,62,45,54,100,79,53,68,51,64,45,10,28,0,59,56,93,56,78,62,72,71,74,49,97,79,49,74,63,28,0,42,75,69,38,84,33,48,61,68,77,0,87,61,0,81,41,0,84,19,39,53,24,22,92,78,37,26,69,70,70,15,76,66,79,85,68,83,86,0,3,54,77,0,81,31,28,56,46,51,48,38,40,60,49,58,41,83,63,58,35,46,72,54,36,37,18,13,44,45,57,0,21,15,47,89,82,76,78,76,62,13,73,52,50,46,0,74,72,23,49,67,65,75,58,0,84,74,24,89,73,100,91,34,0,64,79,47,84,54,45,38,16,58,7,42,87,63,26,87,79,77,68,0,66,69,43,80,79,60,57,84,45,61,92,0,42,60,72,54,38,67,40,72,63,56,61,78,57,87,78,0,53,123555,3028,22108,1598500,793,84547,188439,95983,16851,3185,9333,32001,29996,7435,229357,163003,8349,4194,20796,9868,37797,16943,35411,4451,9644,9956,3455,3030,17000,272131,14267,12621,13254,1516014,4178,612916,12352,77047,189954,42408,53994,39635,76027,3898,31474
2014-8,2131498,3086271,51,96,71,45,53,54,78,51,45,38,28,74,69,58,0,64,38,6,57,61,48,81,84,38,64,76,49,79,65,48,62,76,81,53,49,35,70,53,11,67,40,29,55,95,55,81,63,59,71,66,37,84,81,43,56,60,37,0,36,84,65,47,59,26,55,40,76,48,16,85,64,0,78,68,0,69,31,58,52,53,30,100,69,28,51,70,73,72,45,68,16,64,21,82,82,74,0,2,49,72,0,91,21,45,61,27,64,43,50,22,59,62,57,41,82,27,25,38,35,100,59,33,38,20,21,43,56,59,44,0,15,61,87,81,53,76,53,40,27,69,63,51,26,32,66,64,0,43,46,56,84,56,0,79,71,23,87,60,96,63,15,0,65,94,38,87,44,46,40,16,55,28,43,82,38,0,74,43,73,55,0,65,100,54,83,81,55,60,72,56,72,99,0,36,63,73,49,31,47,46,53,60,61,69,82,64,85,87,6,51,121089,3233,20166,1408936,586,80296,186427,94881,18977,3980,10843,29997,27413,7590,223547,163260,10496,4311,23485,14183,38840,19265,36791,4248,9527,10424,3905,3865,18767,80221,17706,12690,13451,1402819,4547,563907,11925,79830,162208,39071,51730,39599,80008,5656,30429
2014-9,1595485,2405497,98,81,71,43,59,51,58,50,33,34,71,64,64,63,16,58,49,9,53,29,48,71,75,40,67,72,50,82,70,48,75,56,80,50,41,59,59,59,9,59,0,49,61,93,61,83,65,51,81,78,42,23,85,56,38,76,22,0,33,75,50,52,67,37,51,61,59,78,30,90,62,0,86,45,0,57,29,38,53,28,15,81,81,37,49,71,59,72,36,56,39,43,27,75,94,68,21,2,58,67,0,85,36,33,74,34,41,40,96,13,60,46,56,38,74,69,16,40,59,82,78,27,41,17,20,41,53,50,42,20,19,61,87,89,62,71,62,54,0,69,53,50,38,0,78,78,44,56,50,61,75,66,0,82,66,23,83,69,90,90,14,0,80,87,53,93,61,36,41,30,54,27,53,82,46,49,73,51,71,51,0,79,73,65,71,80,66,54,71,54,73,76,0,33,66,77,58,63,35,42,57,65,40,69,65,56,90,77,9,51,112824,2849,19604,1355659,477,70845,162501,81843,14303,3260,8738,27700,22236,5671,187619,167878,9192,4240,20302,11651,40522,18670,35538,3409,9566,10445,3381,4465,17051,94871,16153,13595,12144,1250056,3725,1074881,11916,68075,139733,42138,47445,38716,84053,6720,24452
2014-10,1824719,2654180,56,67,70,15,56,48,83,47,34,36,51,72,65,69,0,57,55,23,50,28,36,63,70,28,69,75,50,71,59,36,55,73,84,62,17,40,70,55,10,46,0,40,53,93,53,86,60,61,91,82,43,0,84,47,57,54,30,0,29,85,45,61,61,30,63,53,48,37,22,85,63,0,80,63,0,47,17,41,52,22,17,78,69,28,23,67,74,59,42,57,30,41,64,70,100,79,30,2,44,65,0,77,28,50,71,26,56,36,46,8,66,76,52,36,71,16,53,38,27,77,70,33,42,17,12,40,52,46,0,19,21,57,85,76,51,69,51,57,18,66,55,47,42,0,82,72,21,47,39,55,85,52,0,90,64,23,73,68,88,58,10,20,71,65,28,84,46,40,34,36,55,36,49,84,47,23,80,76,65,60,0,67,64,50,79,84,57,56,74,44,59,66,0,29,59,68,44,46,39,41,53,67,39,78,64,57,85,73,23,48,101320,2063,19918,1251079,373,71843,148420,74124,12476,3501,9307,25538,22737,6055,200684,176518,8063,3925,20087,11045,38265,16661,34906,3093,9296,11374,2814,17471,17935,102046,14440,14368,15600,1201239,4551,1162936,11405,65573,99004,39902,46585,36020,63851,7201,20512
2014-11,1975951,2802373,67,85,62,77,52,49,82,53,42,37,35,71,61,85,33,66,39,83,48,85,55,79,66,41,72,68,51,66,96,55,62,72,86,86,58,64,76,52,100,63,0,48,56,95,56,83,60,62,84,93,26,22,83,55,37,77,30,41,36,81,44,69,63,18,69,89,51,64,37,87,66,0,78,62,14,81,40,26,49,61,22,86,72,44,24,65,58,64,60,57,46,53,39,94,83,83,41,2,43,64,0,80,13,61,98,26,54,32,59,45,57,32,51,37,67,93,39,43,39,87,79,90,40,20,25,53,48,45,28,0,44,53,83,78,67,76,67,58,100,61,59,53,37,30,93,84,22,55,36,52,81,59,0,84,65,22,62,85,80,84,14,0,81,77,39,85,49,50,38,52,52,54,44,96,71,48,91,95,63,54,0,76,63,80,86,86,71,44,90,23,89,68,0,36,62,68,43,38,41,49,49,59,39,87,72,53,87,60,83,46,93557,2507,20224,1025703,243,78316,140558,70486,11496,3011,8353,24535,34298,5740,186885,153651,7654,4102,20322,10849,55829,22156,33557,3247,8811,11160,2547,28857,16859,95690,13364,13555,16688,1150144,4105,502374,11148,56572,142879,49467,36568,31990,53370,7641,18570
2014-12,1638854,2540070,28,67,50,42,51,49,50,45,34,36,39,53,61,79,48,55,35,6,47,28,38,59,61,38,66,69,54,65,73,38,55,62,76,100,46,80,60,48,50,15,0,61,47,100,47,82,64,58,62,71,31,0,79,70,47,59,55,0,31,81,46,62,57,91,65,35,51,59,37,81,68,0,79,75,0,77,51,43,45,55,25,97,75,57,47,59,60,57,84,62,91,49,39,63,79,70,50,3,50,61,0,84,32,99,73,21,56,35,93,8,49,64,55,50,49,67,23,45,57,83,73,30,36,100,29,62,47,49,68,0,49,56,83,70,37,77,37,77,0,59,52,45,30,29,71,63,21,70,52,50,81,46,0,81,82,23,58,60,76,78,14,0,92,79,34,78,44,47,35,29,32,93,50,80,56,32,76,68,61,48,0,62,55,53,76,76,67,53,71,30,89,65,11,31,61,62,50,41,41,100,44,54,43,79,72,53,81,46,6,43,102748,2943,20144,1150737,245,171802,832648,80907,11828,2719,9117,31975,43448,5811,204965,398457,7839,3639,23849,10513,59808,33366,35517,3768,11563,10743,2460,5294,19822,108865,12862,15802,17504,1156615,3766,597297,12419,65198,218182,62600,46592,35720,68757,12416,26337
2015-1,1669652,2465612,44,53,53,35,47,55,67,38,34,29,24,71,47,65,29,65,40,11,60,39,29,39,74,30,75,69,52,88,51,29,47,65,62,55,47,43,68,51,16,19,34,50,43,86,43,74,68,62,66,53,38,0,80,56,48,63,47,0,34,70,43,50,64,39,50,53,47,76,14,78,70,0,76,38,13,56,31,34,52,20,34,85,64,45,0,61,49,56,6,73,28,45,24,56,77,71,19,3,35,70,0,71,23,62,54,18,67,41,32,34,55,24,69,81,69,62,14,19,45,78,66,26,35,87,16,45,35,48,25,18,18,43,80,76,44,62,44,60,11,70,43,38,28,27,53,58,0,56,39,57,70,47,0,85,55,30,66,65,76,47,38,0,76,72,22,81,57,44,49,13,44,12,36,63,43,29,63,56,77,49,0,81,67,54,65,62,50,45,67,41,63,69,5,34,54,68,35,51,50,90,44,51,36,68,62,58,78,84,11,60,110072,2815,20368,1166474,679,80886,499852,92527,13300,2636,8269,27449,43394,6477,215876,151724,7966,3824,19957,11198,50183,31014,31017,3173,9740,10636,2981,3381,20382,64692,13192,27214,17327,1118164,4149,460732,13556,68139,180048,50254,46616,36755,66243,9182,24992
2015-2,1898650,2676024,38,56,42,35,34,49,51,33,30,19,48,80,53,37,48,51,34,9,59,43,31,31,72,30,68,65,49,75,46,31,51,67,58,43,58,38,62,51,10,31,0,14,42,83,42,73,56,52,44,32,37,0,79,46,32,65,39,21,35,51,41,34,61,67,52,64,33,55,37,71,68,0,67,76,0,73,52,35,53,45,22,84,53,31,48,56,54,55,7,73,15,84,46,47,71,58,0,1,35,70,0,70,22,32,32,26,71,39,24,25,50,19,71,100,69,34,15,26,41,63,56,25,29,24,17,32,43,49,0,0,27,40,75,61,38,58,38,25,0,59,45,33,25,30,32,64,0,46,46,58,51,50,0,69,52,32,71,57,77,69,14,0,61,70,25,64,49,50,35,44,47,0,37,62,28,40,52,60,74,51,0,66,57,53,59,58,40,44,59,49,62,71,0,35,47,58,35,35,44,42,52,46,26,37,62,61,71,62,9,55,91622,2835,17813,1183310,434,63355,147276,74628,14370,2207,9236,24814,38411,6506,211714,138369,6900,3471,19310,10841,48770,22555,26354,3233,9029,10122,2815,1579,16400,49757,12231,14030,17150,933601,4221,552380,10806,54978,193469,46223,37496,35450,47510,5787,19668
2015-3,1457641,2270585,56,99,58,28,27,55,33,42,34,24,43,67,58,65,0,72,40,10,59,71,35,60,72,41,79,68,49,79,64,35,56,75,81,58,47,49,89,51,9,43,0,86,51,97,51,71,63,50,69,62,41,20,81,56,48,70,47,19,36,73,49,68,70,28,58,46,42,71,13,83,67,0,78,49,13,59,94,30,58,35,23,81,65,41,22,64,59,60,6,65,48,29,18,56,81,78,18,1,36,69,0,76,9,58,69,29,55,48,53,11,55,35,63,69,100,69,14,33,43,79,54,32,37,20,16,41,56,47,100,0,20,35,83,83,60,69,60,50,0,62,52,42,28,0,62,75,0,56,57,56,73,44,0,100,62,40,79,64,82,76,16,0,75,79,23,85,55,71,43,20,57,6,48,75,48,14,78,62,77,58,0,69,52,51,72,81,56,50,75,31,72,74,5,36,57,71,36,61,51,48,67,54,51,59,63,65,83,100,10,57,128500,2418,24476,1806289,1045,98484,187384,111791,14827,3777,9793,31613,33049,6492,287999,164844,7600,3580,20224,11632,44760,24048,28501,4034,10359,10103,2615,1936,20874,59525,13080,14263,17929,1236283,4463,727187,9551,52484,145591,47121,45384,35839,42838,6778,16337
2015-4,1632673,2547435,45,74,44,62,19,52,53,48,50,28,45,68,55,71,31,58,42,8,55,40,50,54,72,43,78,66,47,75,61,50,57,56,88,67,59,49,79,57,10,24,35,45,52,99,52,72,64,57,70,78,39,21,84,55,44,68,52,0,37,85,55,44,79,34,87,66,49,69,35,91,64,0,74,43,0,93,32,46,52,26,25,81,75,40,23,67,64,66,27,67,29,69,43,66,80,83,0,1,43,66,0,71,21,45,59,30,63,46,55,15,55,36,69,75,90,71,15,42,42,83,65,29,39,17,16,48,65,48,0,18,21,54,83,98,74,74,74,57,0,59,48,48,52,28,78,93,100,55,31,56,85,55,0,80,74,36,77,67,87,75,13,0,73,63,26,95,60,45,40,14,61,16,52,79,72,0,89,82,75,55,0,70,62,52,84,88,63,49,90,60,87,69,0,37,59,72,43,60,41,40,65,52,33,75,72,70,91,81,8,55,108844,2264,22025,1633567,1062,79625,109250,95552,11901,5046,9743,20976,25152,6233,252344,148867,7112,3640,20389,12136,48028,21075,27792,3980,10053,9794,2619,1946,19718,53851,12812,18028,18220,1194015,4632,472529,9400,51398,144362,51157,46756,34268,40090,6275,16472
2015-5,1690987,2548562,30,78,45,63,26,49,54,54,48,33,20,58,51,61,15,57,38,0,57,84,51,49,74,54,71,72,47,75,53,51,65,64,81,75,52,45,90,61,9,9,0,19,54,95,54,70,64,56,72,72,38,0,84,59,24,66,27,0,50,84,58,47,95,33,63,51,47,54,40,85,64,0,79,62,0,74,31,45,53,46,22,84,69,39,22,63,79,68,6,68,28,48,42,74,78,79,0,1,54,70,0,67,20,59,62,37,64,49,53,22,54,47,71,72,80,92,21,47,55,80,78,34,39,15,22,47,47,49,25,0,16,37,82,81,45,70,45,41,0,63,46,54,56,0,72,72,79,59,24,52,84,52,0,80,63,37,80,59,83,75,41,0,71,74,30,84,47,57,39,20,45,14,44,77,79,44,83,79,73,57,0,66,69,70,77,81,62,51,71,51,87,73,0,50,58,67,54,69,44,44,57,53,32,59,82,61,85,66,0,57,101959,2849,23310,1431611,998,85603,106212,84774,14099,4822,10288,22983,25015,6010,256310,150827,6255,2667,17982,14252,53797,21498,23470,3866,10180,9000,1638,2170,18454,55267,12209,21213,25592,1183769,4666,433889,9075,51937,146571,51561,38529,38364,38742,5239,16878
2015-6,1435189,2248281,35,79,53,25,38,49,73,43,68,29,48,54,56,66,30,54,36,11,61,53,55,52,80,29,67,66,51,76,63,55,59,64,77,63,32,36,79,50,9,24,0,51,58,89,58,69,61,57,60,66,32,0,84,40,39,71,56,0,56,68,65,55,71,62,69,47,37,48,55,84,63,0,75,54,0,59,27,53,51,57,23,91,71,30,0,57,77,63,16,74,50,58,24,75,77,90,38,4,38,71,0,63,18,54,53,36,50,45,0,19,63,18,57,67,72,47,29,48,32,80,53,32,36,17,18,42,67,48,26,0,15,34,81,84,52,67,52,58,0,60,44,43,57,27,66,68,30,40,37,53,68,57,0,69,76,41,82,67,83,84,29,0,62,71,29,87,54,26,40,27,53,16,44,75,49,30,78,71,76,56,0,59,62,47,77,77,58,49,67,35,52,82,0,56,55,65,38,49,45,45,78,52,53,62,84,62,84,71,11,61,101816,3206,24907,1759996,1427,91815,114830,87515,11068,3482,9695,23841,30272,5653,279908,151250,6301,2862,18484,13583,38907,24506,24588,4267,10154,9066,1782,2673,19353,55828,13799,33650,16288,1181906,4514,490130,9847,52189,109986,39817,39734,37769,38335,4007,20908
2015-7,1757167,2648894,48,90,46,42,22,48,77,40,49,26,71,54,52,72,29,56,34,18,64,45,43,50,84,37,66,73,50,83,58,43,60,65,70,52,31,54,94,47,10,28,69,31,53,95,53,72,59,52,65,72,40,0,86,61,53,75,20,0,51,73,73,58,88,61,77,58,33,60,40,83,70,0,81,64,0,93,47,52,52,56,23,95,72,43,33,60,72,62,22,75,42,48,24,69,78,84,28,4,65,74,0,65,32,47,67,38,58,47,43,15,56,47,55,60,70,69,28,37,60,78,68,35,37,15,18,45,45,54,75,0,19,43,83,82,51,72,51,39,0,65,42,40,34,0,72,81,39,61,42,50,73,51,0,75,73,42,89,64,83,85,50,0,63,71,25,85,58,55,43,0,50,10,43,76,84,29,78,76,73,55,0,69,53,77,78,70,71,51,72,48,76,84,0,51,56,62,65,40,47,39,62,52,32,82,75,67,83,63,18,66,136033,3458,29047,2227989,560,110965,112860,115891,12772,3566,9626,31801,45862,6592,321648,183042,7568,3813,23434,14961,52871,34747,27786,5701,12169,11699,2520,2857,22048,64224,16852,39815,17796,1401289,5425,520012,12114,65149,198671,57182,43954,49458,44818,5657,25085
2015-8,2095013,3033081,73,69,58,28,18,49,45,42,50,31,39,57,56,63,0,56,37,5,60,51,42,48,79,35,70,71,51,80,56,42,51,69,76,50,51,39,94,57,11,33,0,24,51,90,51,73,60,48,68,52,38,0,100,46,29,63,50,18,48,74,78,50,63,71,88,45,35,62,13,83,100,0,78,77,13,70,46,42,52,35,17,100,69,32,0,63,58,65,16,66,28,50,47,59,79,84,0,1,39,72,0,64,14,72,60,45,45,43,42,11,58,46,52,50,58,53,27,29,41,78,59,29,39,15,9,50,59,57,50,0,23,35,84,76,52,66,52,45,0,65,36,42,72,53,52,80,39,46,21,55,74,56,0,79,74,43,84,58,83,72,40,0,62,65,36,88,55,62,44,13,42,24,47,70,71,29,80,81,73,63,0,56,60,69,78,76,68,47,82,54,62,77,0,48,57,68,39,55,49,39,64,56,39,77,68,67,83,48,5,64,129556,2594,28840,2187631,629,111510,107912,106312,11732,3405,9619,32409,43361,6449,345208,174407,8040,4138,27741,14457,50163,33001,32776,5818,12239,12205,2983,4087,23461,64517,17701,43974,16714,1405215,5552,508888,11947,68477,165080,49729,51264,48492,41736,5362,32600
2015-9,1572868,2415499,46,65,54,41,22,49,45,44,48,30,11,56,65,79,28,58,37,5,57,38,40,55,69,34,69,71,47,81,52,40,58,67,76,56,15,38,83,57,9,28,0,24,49,84,49,76,60,46,73,75,34,20,87,46,56,63,42,18,42,89,58,52,83,16,73,61,41,48,52,84,71,0,76,65,13,74,35,29,51,44,27,94,63,32,0,65,51,61,47,56,34,34,17,59,79,85,18,2,42,65,24,62,23,71,49,31,62,36,0,11,58,57,49,50,70,74,20,31,33,77,64,29,39,16,17,48,49,50,0,17,25,49,93,88,48,69,48,33,0,61,43,44,43,26,75,89,19,46,43,66,89,54,0,77,69,46,80,64,80,78,34,0,68,60,29,88,49,54,46,33,56,34,35,80,56,28,83,67,67,85,0,69,77,61,81,76,70,45,88,53,99,68,5,42,55,72,42,57,42,41,56,51,23,72,69,62,84,30,5,62,94653,1926,21921,1671884,750,69396,79236,85058,7784,2398,7643,25789,36095,4977,220839,142529,7515,3480,20958,11223,43807,22739,28434,4698,9912,9768,1742,4489,17900,58933,13150,39722,14706,1221319,4568,440760,9950,58049,117576,43098,44876,39434,38808,7346,23683
2015-10,1817212,2637106,72,74,59,48,29,50,56,41,38,25,51,65,51,66,14,53,38,17,53,71,35,42,66,33,64,65,50,86,81,35,59,70,98,65,72,58,88,57,10,22,32,23,50,87,50,76,60,54,88,100,38,0,87,66,53,73,68,17,39,86,49,63,61,61,76,53,35,61,25,91,66,0,85,78,0,71,43,54,49,42,21,84,69,42,40,68,54,62,29,53,32,41,38,55,80,81,25,2,61,63,0,58,16,64,59,26,42,36,29,20,58,54,49,44,57,63,45,34,52,82,79,37,50,15,27,41,56,43,23,0,27,30,84,91,29,71,29,52,0,58,48,41,41,0,100,78,45,66,30,56,86,47,0,71,68,43,72,62,74,88,38,0,82,64,27,97,55,58,97,12,49,38,42,93,78,20,89,75,66,68,16,75,55,55,92,98,64,56,72,35,86,61,0,39,56,75,61,42,42,39,60,58,55,74,67,59,91,41,17,59,75630,3016,18580,1435448,548,60441,59653,74251,7468,2151,8142,23122,37533,5188,212891,145879,6961,3302,17780,11059,59460,22679,26358,4663,9881,9242,1304,8970,15750,64928,12385,51483,16202,1069172,4643,442815,8916,55062,164184,53380,44776,34365,75836,11689,16943
2015-11,1726859,2589451,41,84,55,57,34,49,63,36,41,31,41,63,50,77,28,59,34,62,51,43,38,54,60,43,70,71,54,81,100,38,56,75,81,80,40,62,100,55,18,9,0,53,52,89,52,78,61,52,78,63,43,88,85,68,46,93,67,18,36,80,47,73,76,26,85,31,38,49,19,89,70,0,79,81,100,69,25,42,49,53,19,88,79,49,41,64,100,71,98,57,26,52,34,56,80,98,18,1,60,61,0,64,33,67,67,20,46,35,41,11,57,50,47,43,62,80,100,36,50,87,62,37,42,18,21,48,61,44,36,0,34,49,80,86,52,74,52,57,0,57,45,36,21,26,63,76,66,68,46,60,80,45,0,82,64,44,67,62,71,85,36,0,90,62,23,89,46,60,100,38,59,83,52,78,64,41,87,69,65,69,0,72,65,55,84,81,70,53,88,29,64,65,5,36,67,69,60,58,41,48,60,57,23,73,64,62,89,44,62,56,73619,2575,18502,1331189,506,52685,63192,68022,7312,1861,9502,22294,44228,4808,211025,134091,6411,2880,19264,10623,67075,22040,28676,4693,9273,9321,1213,16200,14570,63654,12211,68435,17857,960502,3982,382577,8523,52009,173678,51399,40565,29297,49365,16906,18819
2015-12,1656704,2634098,100,64,61,30,28,46,54,39,41,29,64,67,48,79,42,55,32,0,50,56,34,34,59,45,65,64,57,71,76,34,54,75,85,87,50,81,89,50,57,9,0,42,49,100,49,76,57,48,69,71,46,89,84,81,55,71,30,18,34,89,51,91,78,64,62,43,40,79,64,90,70,0,80,75,13,94,45,55,44,29,13,93,73,61,42,60,81,66,89,62,40,49,63,54,77,87,36,1,78,61,48,67,22,79,73,23,47,36,20,25,52,40,56,45,60,66,13,41,70,92,63,35,44,16,39,54,47,50,60,0,42,36,79,84,49,79,49,57,0,54,32,39,43,26,71,77,38,81,23,52,89,43,0,83,76,43,61,57,67,93,33,0,86,73,27,88,52,63,71,52,53,87,49,77,76,14,90,71,64,50,0,61,74,72,88,85,58,46,85,49,77,64,5,34,55,63,78,36,43,42,64,52,53,79,67,60,90,32,0,52,87437,3215,24235,1476410,379,55972,63379,72350,7432,2409,8434,25917,50642,5079,243518,151699,6732,3682,22202,12074,83349,28998,27545,4198,9996,10119,1511,4270,15686,70511,12484,48937,15229,979922,3671,405132,9918,58909,251996,62938,40098,31810,46761,24397,19679
2016-1,1658634,2445876,59,73,45,41,20,42,60,35,36,30,23,63,38,77,14,54,36,5,63,44,31,31,68,33,79,59,56,87,62,31,42,61,74,86,51,84,80,55,11,37,33,84,46,76,46,87,64,39,66,64,34,100,84,100,70,66,53,18,28,71,45,45,65,59,63,53,27,61,20,79,75,0,75,71,0,84,56,40,50,25,16,72,65,77,21,58,57,65,6,75,41,46,12,45,77,73,0,1,90,64,49,52,40,54,56,19,50,38,31,14,56,29,68,38,53,67,27,41,97,76,44,33,36,16,65,48,46,46,0,0,21,38,74,77,52,64,52,44,0,55,35,35,16,26,64,77,19,100,23,54,71,43,0,84,78,45,68,61,61,69,34,0,99,53,19,79,60,62,57,20,38,8,44,65,71,21,79,68,79,61,17,65,58,75,74,74,49,45,74,37,65,61,0,28,49,59,90,36,44,34,47,52,23,64,59,67,79,54,5,62,103886,2487,20612,1565276,312,80417,69281,80632,7105,2198,9134,30483,74543,5787,280603,146788,6617,3109,19159,11394,96175,30542,29804,3173,10810,9546,1458,1378,17036,64446,11759,38689,14665,944682,4192,368336,10539,56756,331403,69488,38650,36498,31977,18571,16264
2016-2,1799522,2644289,79,72,47,57,16,42,55,31,34,20,56,46,42,60,60,52,34,16,65,26,20,35,65,29,68,55,51,81,57,20,44,69,67,70,53,60,72,56,7,19,35,38,42,74,42,77,60,47,59,50,27,42,83,73,58,77,48,19,31,68,48,56,51,39,72,36,33,79,20,78,71,0,65,39,13,70,26,36,50,36,14,66,50,55,0,57,53,51,6,58,42,45,42,36,73,61,0,1,62,67,26,56,15,45,60,20,65,37,22,26,53,48,54,37,61,54,14,32,82,70,52,31,34,15,43,42,50,49,51,0,22,30,74,71,31,48,31,33,0,50,40,31,45,0,50,80,40,73,39,51,68,41,0,71,76,47,76,57,64,60,26,0,79,49,27,75,58,70,64,14,42,4,38,69,39,29,58,47,81,56,0,65,58,34,65,67,61,43,60,35,74,61,0,31,46,56,62,30,45,30,47,48,40,53,70,65,78,36,16,58,85718,2462,18718,1523234,677,68948,73666,69671,6669,2583,7726,25812,51763,4965,257377,149262,6403,4147,20530,15129,77451,32806,29858,3125,9653,9315,1859,755,17148,50675,12204,28466,13108,791931,4455,453299,9113,50690,200514,48052,38136,30660,22643,10629,13992
2016-3,1483813,2366941,62,82,49,53,18,43,46,38,42,25,49,55,40,73,56,53,36,5,60,43,30,41,66,54,93,56,51,83,58,30,52,76,76,74,54,75,85,54,8,9,32,47,51,82,51,79,60,50,65,69,38,49,82,82,50,69,59,36,33,80,54,55,77,47,71,50,41,61,25,85,70,11,74,57,0,60,35,28,50,29,15,65,64,64,21,63,56,64,9,58,39,45,34,47,79,84,35,1,67,70,48,56,11,55,53,26,58,39,51,25,58,50,57,37,80,29,33,26,86,86,62,36,42,18,44,42,48,43,24,0,18,35,78,87,50,58,50,37,0,53,41,38,21,0,69,88,47,82,37,51,80,46,0,98,63,47,77,61,66,76,30,0,91,57,34,95,57,58,60,77,45,9,30,88,69,14,85,82,78,58,0,63,59,39,82,76,68,44,70,23,70,58,0,33,53,64,67,48,43,40,75,54,30,74,62,64,85,36,5,59,98829,2787,21141,1831826,676,101404,92940,73793,6438,2894,8933,32561,43966,4706,271162,145471,6928,4334,19200,13827,72949,36350,31468,3045,12006,8946,1011,1488,19702,57690,11450,36908,15252,1056430,4147,376984,8577,53578,189129,57203,33658,32176,21050,13802,14601
2016-4,1651662,2471253,34,47,55,31,18,42,48,38,49,31,39,64,48,70,43,52,36,10,56,38,33,25,66,37,63,51,48,80,66,33,54,67,75,69,77,56,88,56,11,28,0,49,48,79,48,84,57,40,70,73,37,71,89,66,33,75,42,37,36,73,58,57,70,44,76,45,36,55,33,80,66,0,76,52,0,63,46,36,54,25,17,64,68,51,0,63,55,66,6,59,20,44,23,46,80,79,0,1,51,67,0,49,37,57,68,27,60,36,42,22,54,17,54,36,70,90,21,35,68,84,63,34,40,14,37,50,55,48,37,17,18,52,77,72,41,67,41,56,0,50,43,38,49,0,73,79,58,66,35,49,73,43,0,89,60,47,77,63,67,58,22,0,81,61,21,82,52,43,58,13,42,6,37,79,58,14,83,68,77,63,17,60,51,52,79,75,70,47,61,71,70,61,0,36,47,62,51,58,44,32,60,54,35,76,67,66,80,48,10,61,82626,2716,19776,1648279,931,81223,61066,72947,7156,3020,7923,46763,39604,4400,244722,139800,7130,4351,18097,13677,69832,33368,30538,3402,9724,8240,307,1331,16597,66112,10635,26625,13793,958505,4517,359257,8281,49328,181806,54733,34834,31733,21575,6971,13898
2016-5,1631164,2477591,63,74,53,34,18,39,66,42,52,30,61,72,48,84,28,50,31,10,59,44,37,44,69,42,66,61,48,81,71,37,52,72,78,58,91,54,91,52,9,18,33,0,50,79,50,87,56,42,66,74,36,20,83,53,78,66,46,100,36,82,66,57,81,64,80,41,40,67,32,87,66,0,72,54,13,98,45,47,53,54,12,68,61,41,21,60,69,67,12,70,27,28,52,50,75,72,0,1,42,65,24,47,14,39,44,28,32,36,0,14,54,28,55,38,59,37,40,29,52,85,63,34,41,15,37,49,48,44,0,0,16,37,78,81,56,66,56,48,0,50,39,42,70,0,74,77,19,53,43,48,82,37,0,81,73,50,78,59,68,75,64,0,67,52,28,94,49,49,58,26,38,8,39,69,65,56,88,83,76,58,0,64,53,65,87,78,66,47,78,63,82,61,0,36,50,56,42,41,41,31,61,51,42,68,65,70,87,41,10,62,83707,2201,21282,1734456,1004,77609,69059,86576,8660,4133,9090,41190,39842,4632,240959,154145,8068,4228,17191,17891,52765,44968,34025,3140,9736,8741,437,1392,18133,78225,10859,31445,14632,929843,4392,398435,9170,53302,144079,43147,39887,30743,21321,9232,15705
2016-6,1516599,2358346,70,81,42,42,16,41,75,39,48,30,52,51,43,63,15,56,32,5,61,65,40,34,71,41,58,53,50,77,66,40,58,66,83,62,68,45,86,45,13,10,34,100,53,75,53,84,56,49,72,76,29,72,81,46,58,88,24,38,39,78,69,50,72,73,63,36,29,74,47,87,67,0,73,62,0,79,21,40,49,46,8,71,61,36,22,57,62,62,19,76,35,70,24,64,76,76,19,1,38,67,26,49,18,35,58,37,49,41,43,15,53,42,53,38,76,100,14,31,45,92,49,37,38,17,29,49,56,41,25,0,12,34,81,83,40,58,40,35,0,54,31,39,51,0,76,77,30,46,48,49,78,42,0,80,67,52,77,64,68,79,64,0,60,48,30,86,50,44,66,34,47,10,43,75,66,15,84,63,79,55,0,56,56,78,80,83,57,50,63,24,81,65,5,39,50,58,38,46,43,37,64,48,44,77,57,67,87,34,5,66,83039,1722,21870,2066267,875,90174,84720,82729,8895,4521,8833,31208,39972,4175,230024,145013,8527,3786,17214,20497,44764,44965,32712,3231,9812,8159,506,961,18478,76745,12012,25643,14283,889006,4144,371690,8705,51063,117771,44441,35923,31511,21031,7962,17976
2016-7,1839397,2794855,71,74,37,29,14,41,44,35,54,23,97,59,52,69,30,53,28,5,63,46,34,34,76,36,54,52,50,82,63,34,44,66,75,42,59,39,82,48,17,10,35,57,48,76,48,87,53,44,71,55,34,73,83,44,34,78,48,19,42,74,86,60,62,51,82,48,29,68,21,73,71,0,73,54,0,96,37,32,50,31,18,72,61,36,22,57,53,54,30,66,21,42,43,55,74,67,19,1,40,72,26,51,6,39,55,31,47,40,22,8,53,48,49,37,61,70,29,34,48,79,41,32,37,14,16,51,35,46,26,0,14,29,82,59,31,58,31,56,0,49,32,35,57,0,55,71,0,44,12,46,74,41,0,88,74,51,85,57,69,73,100,0,57,56,19,86,55,63,59,27,30,12,36,73,37,30,79,64,76,60,0,63,45,69,77,75,58,41,65,28,76,70,0,42,47,57,40,49,39,30,68,49,41,77,75,71,73,43,5,65,93493,2035,23146,3180590,1267,119470,105390,97661,9680,5140,8906,28987,58750,4467,267949,175231,8525,4422,20361,36777,43878,53696,34573,3711,12025,9617,811,1740,21884,60873,14112,23692,14081,1087895,4410,399095,9493,55888,126299,50700,38234,39202,21839,8950,18880
2016-8,1979224,2882557,50,67,41,33,14,40,21,34,27,24,87,53,50,70,46,53,32,8,59,68,28,25,72,54,56,52,53,78,61,28,44,73,75,59,82,62,81,48,11,39,36,26,50,73,50,93,53,49,68,73,45,64,88,62,60,40,29,20,35,82,78,68,74,64,56,35,33,79,21,77,69,0,75,59,0,58,49,27,46,32,14,71,55,46,23,58,48,58,13,59,22,40,50,54,78,64,19,1,65,67,53,51,15,27,40,20,54,38,45,19,53,25,51,35,60,56,0,35,73,70,41,31,39,13,42,40,55,45,0,18,16,29,82,58,36,59,36,53,0,51,35,34,53,28,73,75,0,62,44,54,82,44,0,78,66,50,84,63,72,65,76,0,64,39,27,87,74,62,58,14,44,19,40,82,42,23,88,59,72,100,36,57,51,23,77,75,68,39,63,25,61,64,0,35,50,60,65,33,43,29,49,51,8,76,61,75,77,43,8,66,95954,1680,22140,2383801,1156,112787,96614,96296,9438,5531,8658,26217,48453,4884,258662,174139,8170,4713,21686,31614,59951,43223,36066,4327,11911,10727,1147,3569,20946,52134,17306,26437,15404,954813,4424,390923,10105,56247,154118,62656,29287,39930,20029,6817,17156
2016-9,1577481,2427086,76,69,51,50,18,39,55,35,34,33,49,52,50,73,46,59,35,8,56,53,35,37,65,38,54,52,49,85,64,35,55,81,77,61,48,51,75,57,8,10,35,38,55,72,55,90,57,38,89,69,42,95,87,56,39,68,36,0,31,69,65,66,91,74,74,33,32,62,28,82,66,0,77,74,0,60,64,35,50,57,18,66,64,34,68,62,47,64,43,55,28,42,55,49,77,71,19,1,48,66,26,49,24,60,48,23,75,36,55,23,55,48,51,33,47,94,29,42,56,74,61,33,37,14,16,43,61,45,51,100,19,41,79,78,33,67,33,26,0,53,36,35,57,0,69,83,30,56,34,58,69,48,0,78,90,52,81,67,67,86,23,0,67,46,15,89,60,45,52,14,37,47,38,87,67,29,85,66,70,77,26,54,63,79,81,77,65,45,75,28,86,58,0,31,56,65,48,44,40,33,57,53,49,68,65,70,82,52,8,65,85093,886,20713,2085650,1268,116454,95983,80726,8988,8049,7871,23257,35369,4382,175829,136949,6393,4487,18060,22550,49208,43277,40910,3350,9963,9006,871,3935,18876,50907,13149,28970,18949,831107,4214,344926,9565,52237,115760,49568,26064,33293,21063,9153,17270
2016-10,1825123,2678447,59,70,49,48,13,40,40,39,30,22,54,66,49,83,71,59,34,15,56,32,34,33,65,47,60,49,57,86,72,34,53,91,89,79,66,78,74,57,15,9,0,61,53,75,53,96,52,34,100,87,42,50,87,87,80,71,76,28,28,89,54,69,82,81,70,40,23,67,33,91,67,0,89,62,0,88,31,41,48,39,20,64,61,62,21,66,70,66,47,49,34,71,47,47,81,65,0,1,76,66,49,45,20,31,54,31,83,35,21,22,54,23,52,32,61,45,62,35,99,76,68,35,44,14,37,48,51,41,0,35,19,42,75,84,55,62,55,36,0,47,36,39,33,0,87,85,38,87,47,51,89,52,0,75,68,57,75,61,62,92,28,0,92,54,22,99,54,50,52,33,46,66,42,81,64,14,92,73,69,69,50,62,64,80,85,89,82,48,77,37,94,54,5,28,53,62,76,55,40,31,54,57,46,86,64,67,91,46,15,65,75746,1385,20412,1957151,820,102877,78595,74043,9230,6723,8356,22237,37880,4076,308353,170452,7181,4499,18310,21437,68383,47154,44756,3592,10523,9366,493,8760,19740,54664,13739,35997,23493,776486,4715,379357,9262,52680,157346,69394,27003,30949,23673,7375,16861
2016-11,1705721,2588645,68,74,46,38,13,38,50,33,34,27,66,77,51,82,71,63,31,82,55,57,33,36,59,40,59,51,51,82,83,33,52,83,90,81,66,69,100,53,11,0,33,30,53,79,53,100,58,50,67,71,44,50,86,73,65,79,54,46,26,84,52,82,68,60,73,26,29,57,0,88,69,0,78,82,0,87,30,41,45,39,20,66,66,59,32,64,76,60,59,47,47,53,41,43,80,73,18,1,51,61,25,43,31,46,64,27,48,34,62,14,58,52,56,35,52,67,55,34,69,91,45,46,46,16,22,48,57,36,24,43,28,65,77,80,41,65,41,47,0,44,36,33,33,26,71,85,19,73,41,51,84,49,0,83,71,60,68,63,60,87,28,0,87,46,19,93,53,56,52,26,47,75,45,75,64,14,89,72,67,75,100,58,62,68,90,90,71,49,86,40,100,53,0,26,55,63,51,39,36,34,43,52,23,83,65,63,88,42,82,63,73849,1865,23816,1588803,1067,90598,75450,72004,8597,7084,8057,24751,47344,3551,177872,137992,7147,4175,15687,18176,81804,44183,44688,2678,9228,8764,246,15438,20037,46173,19947,28094,16765,690061,4253,415808,8816,49203,164306,62746,23580,26166,20662,5440,14770
2016-12,1785764,2814450,54,72,36,23,10,36,63,35,35,24,68,57,41,88,70,84,30,10,52,43,33,23,57,38,53,49,65,75,78,33,49,66,95,77,60,71,66,48,28,9,32,65,45,82,45,92,52,43,63,76,36,59,85,73,68,68,19,18,32,82,55,81,63,100,92,24,31,64,25,79,73,0,77,100,0,92,79,44,43,43,17,67,68,59,41,53,93,52,55,61,26,48,57,25,75,76,18,0,54,58,0,47,22,100,74,20,55,30,20,32,50,39,100,36,44,29,13,35,67,82,47,42,44,13,43,51,45,42,0,50,34,38,74,77,43,68,43,61,0,43,35,35,37,0,76,84,37,73,31,48,82,40,11,78,91,56,62,60,56,78,39,0,81,51,21,89,52,47,51,38,40,79,42,85,61,21,93,68,64,66,16,57,63,69,92,95,65,45,85,49,79,52,0,32,52,58,54,68,39,29,42,48,41,72,72,64,79,40,10,56,82640,1409,24639,1868113,1098,96100,82888,77418,9175,9762,8859,26862,55116,3736,237234,156198,6988,3060,17778,17549,75743,46344,45846,2781,10157,9839,560,6632,21665,45427,20177,26232,17451,698653,4029,391426,10378,54806,214206,60778,30507,28523,22833,5220,16180
2017-1,1997355,2876046,59,51,30,51,13,41,39,30,25,25,50,46,52,77,54,87,35,0,67,23,24,22,68,38,72,55,58,94,56,24,50,64,79,68,90,54,64,58,8,21,0,51,42,71,42,87,66,40,68,66,34,56,86,63,100,76,50,51,30,82,48,49,67,81,78,33,29,63,37,77,79,0,76,68,0,68,61,26,52,60,15,60,49,55,20,55,50,59,6,68,63,64,16,30,72,70,17,0,41,66,23,42,21,82,44,22,50,37,39,10,56,54,92,34,88,42,19,40,67,82,58,32,40,14,47,59,53,47,23,24,20,23,73,69,60,43,60,27,0,53,31,30,46,24,66,69,36,63,49,53,82,43,0,67,74,73,72,61,59,71,20,0,77,46,29,82,55,39,44,49,47,11,36,61,64,13,81,68,82,55,0,67,54,68,81,79,62,42,77,28,64,52,0,30,47,61,41,43,42,31,52,52,43,71,63,72,77,50,0,79,73232,1000,20852,1924580,494,83174,75594,81423,8967,12806,8798,29559,66147,11061,215088,152498,6798,3329,18060,16705,82159,54930,44349,2734,10101,9772,497,2579,18295,41785,22336,25340,15901,595660,4243,336209,10538,52488,218797,55799,28085,31917,22369,4974,13569
2017-2,1665220,2495196,59,64,38,41,13,38,45,29,26,25,42,74,54,72,86,58,32,5,62,25,28,33,66,41,77,55,53,85,64,28,43,69,78,77,76,62,77,56,10,9,100,48,43,73,43,85,61,34,58,59,31,40,84,65,42,69,49,37,25,83,53,58,76,54,55,38,27,61,39,77,73,0,69,56,0,90,45,32,55,54,16,65,54,53,42,56,25,51,9,55,20,43,29,33,71,73,18,0,35,66,37,41,17,60,67,18,50,32,21,7,53,40,67,33,69,37,48,19,70,73,49,30,36,14,52,48,31,43,0,0,18,42,77,66,28,50,28,38,0,51,33,29,38,0,59,67,19,65,38,52,83,45,0,78,85,72,79,64,60,76,43,0,74,40,24,79,50,59,38,13,36,10,33,66,62,21,81,63,78,66,0,67,54,68,73,78,59,44,69,53,56,54,0,25,44,57,35,57,42,29,48,50,50,64,50,70,77,44,5,73,72225,810,20999,2186194,1194,73847,74387,76697,8295,12897,7517,25409,51279,8998,225281,147779,8884,2611,16981,16731,72955,57734,42561,2129,9500,8606,188,2543,18016,43620,13098,36839,15118,655286,3821,331070,8973,47205,156631,49419,22780,28170,16795,4467,12461
2017-3,1655103,2501219,49,79,42,42,11,41,29,32,27,24,44,64,52,81,13,58,31,4,64,56,24,26,67,35,70,54,51,87,60,24,49,69,83,66,45,61,83,57,7,8,0,69,46,76,46,87,59,36,55,70,32,62,86,66,91,75,40,32,26,83,56,66,72,29,78,35,27,61,40,81,71,0,74,53,0,76,45,39,59,35,23,63,57,49,19,59,62,58,0,58,42,49,36,38,79,67,0,0,42,66,22,43,15,45,70,22,63,37,55,6,57,30,65,31,62,33,24,40,81,79,50,37,36,15,35,50,44,42,43,15,17,27,77,75,42,61,42,53,0,49,33,32,29,0,70,87,34,66,28,51,83,40,0,82,72,75,81,64,63,64,41,0,79,56,26,89,59,37,45,23,29,7,34,69,65,25,88,68,80,59,0,62,61,46,79,83,73,51,72,47,61,55,0,26,49,61,42,53,44,34,50,54,20,78,56,70,81,39,4,75,79381,1006,23786,2316598,1234,77661,82374,86031,7802,14387,8156,24333,49125,6046,276609,180955,7053,2792,17499,16177,96538,65953,45957,2436,10207,9099,186,1810,18015,74158,11955,42294,16671,717420,4209,465820,13009,51370,206837,57954,25002,29326,20320,15059,13248
2017-4,1768603,2742799,60,68,45,42,10,40,68,31,39,29,47,50,44,84,68,60,33,7,60,71,30,41,66,45,64,47,50,86,70,30,50,65,79,67,82,62,80,62,6,0,32,57,47,76,47,89,58,33,59,57,42,57,92,58,71,66,76,0,27,77,64,74,86,56,64,55,30,76,37,83,69,0,79,85,12,100,38,34,55,37,16,60,58,40,30,56,66,58,15,59,38,26,55,32,76,69,17,0,37,66,35,48,27,62,58,25,56,37,40,7,54,33,66,35,45,49,19,34,65,85,50,38,40,13,27,54,58,37,69,33,17,30,79,71,42,54,42,46,0,49,33,31,62,0,57,76,27,58,44,54,77,42,10,80,82,73,80,64,63,85,26,0,74,50,25,90,60,69,49,25,40,15,42,76,77,40,85,69,75,65,0,59,57,96,84,79,62,49,61,54,57,64,0,27,49,59,37,32,40,28,49,50,40,74,60,81,83,32,7,70,70433,968,21359,2069583,320,55622,66531,85559,7378,13744,7332,26149,39216,5211,245023,152915,7420,3522,16484,15224,74960,56946,41630,1802,9536,8775,309,1864,16859,50695,12254,33655,14237,722502,4876,388818,13006,49715,170189,46045,24372,27547,18730,6982,13239
2017-5,1702578,2570428,52,71,38,55,10,38,49,36,38,22,32,53,46,83,40,58,31,5,62,53,30,42,68,31,63,56,49,84,69,30,49,67,74,54,67,48,72,55,7,0,31,45,45,67,45,88,56,33,84,78,31,37,85,47,74,71,39,0,39,75,69,62,70,61,82,37,27,49,31,80,68,0,73,70,0,71,43,39,53,46,11,61,57,38,20,54,54,62,9,71,25,38,33,26,74,75,17,1,32,66,69,50,13,53,58,18,70,36,0,7,51,32,68,35,56,84,38,25,59,77,44,38,37,13,27,48,53,39,46,24,15,37,76,79,62,61,62,40,0,48,34,36,51,0,78,85,18,47,33,50,75,42,0,72,88,77,80,59,62,73,14,0,62,60,21,91,48,41,42,25,36,13,34,74,49,13,89,79,77,68,0,60,56,64,81,74,61,43,75,44,53,65,4,39,50,61,32,53,31,28,48,47,22,83,53,80,80,33,5,74,81561,918,25267,2023273,701,67677,76984,97350,7815,16056,8313,27172,39192,5041,291218,181487,7170,4175,16980,16890,61232,56459,44740,2017,10651,9292,124,2461,19654,42221,14295,35587,14249,712884,5297,434488,13902,52755,152115,43219,26554,32516,18697,6282,14260
2017-6,1544237,2378615,75,78,32,27,13,38,49,34,36,24,34,45,63,86,57,58,30,5,66,31,30,37,74,36,61,49,51,79,72,30,43,69,80,57,76,57,75,44,6,0,0,36,41,69,41,84,54,41,79,61,30,50,81,58,32,80,26,18,30,88,79,68,72,48,63,33,30,71,19,81,67,0,77,77,0,74,35,25,47,49,16,63,53,45,21,53,72,53,19,72,27,37,52,28,73,91,18,1,40,66,24,41,22,31,52,23,35,34,82,25,52,11,65,31,64,59,14,25,80,80,49,33,40,14,28,51,60,40,24,26,15,31,76,71,46,61,46,31,0,46,30,34,43,0,61,75,38,58,23,47,88,37,0,67,93,79,76,67,61,79,33,0,64,42,32,87,53,59,47,26,32,15,31,71,70,14,87,77,78,57,0,61,46,63,83,80,60,46,73,50,48,67,0,30,45,56,40,44,41,29,50,45,38,76,73,76,81,35,5,76,80407,1284,25553,2495577,689,73836,92778,102604,7325,17047,8194,28804,41122,4695,290987,206974,8069,3728,17283,19784,61586,43720,42841,2030,11036,8374,,1996,20402,40303,17200,33515,14879,768859,4988,697091,14944,55251,190113,46198,29822,37136,19414,8229,15692
2017-7,2016066,2917953,62,71,41,44,11,38,29,28,31,32,72,40,55,74,14,63,29,5,66,49,23,35,80,34,57,51,53,87,59,23,43,66,79,59,80,46,90,54,20,9,33,24,43,73,43,91,55,40,71,61,31,59,94,52,83,81,38,36,30,80,100,61,62,42,64,28,22,70,32,79,72,0,78,75,0,70,50,33,49,15,17,67,55,34,0,55,56,54,18,66,40,21,51,38,74,70,0,0,37,72,48,41,17,31,64,15,29,37,61,29,52,39,64,32,64,37,13,32,65,77,49,36,38,13,24,46,36,46,24,0,15,34,80,66,42,58,42,42,0,49,28,28,59,26,61,78,37,52,26,48,80,35,11,70,75,77,88,61,65,72,33,0,65,50,15,89,51,49,44,19,49,19,37,77,65,42,83,82,79,61,0,58,56,25,77,79,61,36,59,49,70,72,0,30,43,59,37,56,45,28,51,45,19,73,64,83,79,35,5,80,83292,1384,26840,2962292,799,71116,81260,114588,7246,20126,7984,34481,85231,4524,285725,255444,10159,7694,21249,24384,81636,55845,44425,2311,12588,10835,299,2426,22399,36543,16891,43359,15104,897606,6150,806878,22302,65642,268972,70554,39819,42119,23610,10545,19270
2017-8,2016846,2866400,43,73,35,29,10,42,44,28,36,29,79,49,53,59,94,64,29,9,61,53,25,22,77,40,57,53,55,92,66,25,44,68,81,71,100,100,84,55,11,17,0,68,44,75,44,89,52,36,70,64,31,19,91,86,35,90,46,52,34,82,86,67,76,50,71,36,23,61,12,85,73,0,84,46,0,77,38,37,50,32,26,66,54,59,30,55,51,53,20,66,32,29,16,37,78,81,17,0,71,65,46,42,19,72,74,22,25,35,29,10,53,16,65,28,54,35,25,31,100,74,45,37,39,13,100,48,41,42,57,32,16,39,79,73,47,59,47,42,0,53,22,28,41,25,64,84,18,86,27,58,82,41,0,81,78,79,87,65,63,87,20,0,83,43,18,90,56,72,42,0,33,29,33,82,47,26,83,66,75,66,0,54,54,59,80,81,53,48,69,28,62,66,0,34,48,58,71,51,44,29,46,47,36,74,59,80,85,35,9,80,88168,1786,26383,3007368,911,78709,90000,117623,6364,25187,8602,33644,60665,4530,323636,265274,8588,7367,23164,22132,92940,73276,46252,2580,14910,10569,361,3190,26907,38318,17186,37227,15761,866333,5762,522373,20690,56315,278173,60260,33192,45890,24719,14886,17010
2017-9,1721858,2486383,32,72,38,49,7,39,36,29,28,26,41,41,50,65,55,73,30,5,56,42,28,33,66,32,61,52,55,85,65,28,44,79,79,56,34,57,69,57,8,0,32,23,40,72,40,89,57,37,75,73,31,38,88,55,31,82,66,35,23,85,67,56,64,67,83,35,26,60,25,77,69,0,75,63,0,70,39,38,52,33,9,62,55,39,0,58,67,59,36,56,32,53,66,23,74,63,0,0,47,62,24,39,22,38,66,14,48,32,30,17,49,38,58,32,56,50,26,25,53,69,40,31,40,15,35,53,27,38,0,50,18,38,83,78,41,59,41,38,0,54,30,29,52,0,73,84,18,55,33,66,85,35,16,67,70,77,87,62,63,68,26,0,68,35,17,88,51,59,40,19,43,31,31,81,73,20,81,64,68,59,0,51,54,72,78,79,43,39,59,35,49,59,0,23,44,61,47,55,43,31,48,47,33,62,52,100,77,26,5,79,78314,1185,23325,2416331,432,70498,79878,84008,5642,23048,9407,29823,44937,4504,250599,182382,8540,5100,17636,14304,72409,71029,44007,1814,11243,8620,546,3769,22011,44268,14009,30795,12747,721663,4799,448604,16568,52967,194596,42793,24366,36943,22318,8500,18222
2017-10,2058530,2888716,73,99,41,46,8,38,45,31,31,24,63,53,68,92,13,64,34,44,55,97,28,23,63,65,67,53,50,80,80,28,46,69,88,75,64,63,74,52,7,8,61,49,44,75,44,89,56,40,82,94,29,54,85,60,89,61,48,17,24,92,55,72,62,24,91,42,31,82,0,85,68,0,81,61,0,72,69,31,50,62,17,58,60,48,38,65,86,53,57,53,24,48,42,25,77,92,16,0,41,64,100,35,31,44,62,20,48,31,19,23,53,21,64,29,54,74,12,27,53,80,57,42,44,14,51,54,36,40,22,16,23,36,80,75,45,60,45,44,0,50,30,31,49,24,94,94,26,60,18,52,92,39,35,79,87,78,78,59,59,83,28,0,83,47,22,94,55,52,44,30,49,47,30,77,58,32,95,82,70,58,0,58,64,68,90,88,66,46,73,9,64,52,0,24,51,66,41,75,49,31,46,49,38,75,57,80,85,33,44,79,67227,1575,22478,2195338,313,65602,76362,74342,6204,26184,8446,34260,50559,4569,236080,169317,9331,5953,19481,15613,92052,55717,43282,2106,11427,8790,482,6554,23363,47255,14838,29995,13332,711750,4879,381957,16659,53472,213165,54279,25072,35120,23079,19413,17449
2017-11,1981047,2833061,62,77,39,59,8,41,64,35,33,30,53,53,68,100,39,73,35,100,53,46,28,18,62,41,74,49,54,79,88,28,51,64,83,96,70,65,87,54,13,0,0,94,48,75,48,89,62,43,67,87,25,18,91,67,68,74,77,34,23,82,55,73,84,54,73,30,25,83,36,87,73,0,80,86,0,94,83,49,50,18,22,62,63,59,29,62,76,60,100,46,25,37,42,25,80,87,17,0,44,61,45,37,31,36,69,24,60,28,29,46,56,47,59,30,59,41,25,20,58,88,57,55,42,15,40,60,59,41,0,39,29,52,84,84,57,66,57,55,0,51,33,35,20,0,87,85,26,67,45,52,82,42,100,76,100,81,74,69,58,76,25,0,89,49,27,89,53,49,43,30,49,74,33,78,76,13,97,75,70,61,0,58,77,78,91,83,70,43,70,43,62,57,0,23,52,61,44,38,44,37,49,50,28,90,60,94,87,34,100,76,68665,2074,23141,1786807,371,58833,64269,70149,6508,23073,8119,30362,54157,4749,203486,147586,8903,6519,19247,12743,101893,45888,39149,1936,10246,8730,247,12381,22897,48437,11402,27895,12827,650736,3805,348002,14108,51675,234894,62988,37521,28113,19360,8756,13860
2017-12,2068760,3053690,48,91,40,51,7,38,40,35,23,27,87,46,79,92,80,57,31,12,50,47,31,21,60,46,66,47,52,79,84,31,42,56,82,91,95,69,66,46,31,0,47,68,42,78,42,88,52,42,60,65,40,56,84,66,70,89,64,17,28,89,66,100,67,56,86,31,23,59,43,83,76,0,81,83,0,97,33,37,46,28,15,67,64,52,0,53,63,50,70,65,38,20,22,26,76,84,42,0,35,58,57,39,13,69,100,15,31,27,29,17,52,16,67,35,37,63,13,33,64,87,52,41,41,13,45,60,45,45,57,16,37,41,82,77,67,71,67,50,10,49,31,35,41,0,65,100,36,66,41,49,89,34,31,71,99,75,64,60,55,100,20,0,83,56,21,92,52,74,44,92,34,70,41,78,69,40,100,76,67,55,0,62,77,77,93,82,74,48,77,22,72,53,0,28,45,51,35,66,41,32,43,47,36,98,64,79,83,38,12,70,72065,1856,22529,1853723,722,57264,59786,67450,7570,25288,7936,32137,66202,4814,216960,167237,7975,3851,20147,14267,101506,54615,43847,2427,11088,9192,417,3273,22341,51664,14324,25528,15458,645216,4186,397213,16909,55171,255285,61899,21665,30812,21773,10308,15646
2018-1,1927642,2741465,63,79,44,53,7,39,45,32,28,26,74,52,71,77,25,65,35,11,62,49,29,18,71,53,72,51,56,93,75,29,44,76,82,81,71,70,70,53,11,0,29,63,40,74,40,81,63,41,68,66,31,35,86,84,81,82,60,32,25,85,53,69,76,80,90,41,24,80,28,92,78,0,80,60,0,75,57,20,54,21,12,61,55,59,19,58,58,61,5,65,29,51,25,23,78,78,0,0,48,64,32,34,30,79,67,17,57,34,18,6,55,40,71,33,51,45,0,28,87,82,62,38,39,15,44,100,55,44,21,15,19,36,84,87,53,59,53,37,0,59,30,32,47,0,66,90,25,84,35,55,85,36,19,77,82,100,81,65,57,93,13,0,100,35,15,98,100,48,44,46,46,12,32,72,58,37,93,73,83,85,0,71,59,49,81,82,62,48,65,29,50,55,0,25,46,60,48,43,48,34,40,50,30,70,64,82,92,30,11,100,77957,1304,23595,2201742,682,63616,66953,80469,8759,28834,7406,35647,99191,4394,273427,164375,8049,3623,20990,14032,132041,52569,48370,2072,12088,8317,482,2218,24697,47890,21216,23643,14848,828656,3812,418857,20291,56300,356060,79069,21663,36513,22614,18278,15206
2018-2,2286989,3070937,52,71,34,26,6,36,35,27,22,23,80,56,88,65,41,56,31,5,61,48,20,30,68,30,72,48,52,82,63,20,38,70,65,67,63,57,56,57,6,0,0,57,35,67,35,77,54,39,48,56,25,19,87,66,40,67,54,35,23,65,55,60,48,41,55,34,20,52,12,76,73,0,66,52,0,72,48,29,50,51,12,55,43,51,0,51,36,50,18,70,26,35,22,21,70,64,0,0,37,64,70,34,16,30,62,16,48,30,30,35,47,22,64,33,51,21,0,21,78,63,46,34,33,14,46,46,51,44,23,16,24,30,76,62,40,45,40,36,0,52,30,27,41,25,56,57,0,66,41,54,65,33,0,62,76,98,82,67,58,50,23,0,80,42,24,77,90,47,34,12,37,13,31,56,44,20,68,64,79,69,0,61,61,63,69,65,51,39,49,13,38,54,0,23,39,56,37,47,50,27,37,42,37,58,56,86,76,33,5,88,62474,1004,18880,2171103,1112,53638,58806,70174,6165,31284,6911,27071,65623,3777,246654,155799,8462,4057,21816,14441,119046,39402,50886,1934,10660,8663,304,1046,19325,41391,14063,25017,12651,631886,4609,331801,19543,47972,298475,61999,19860,32099,20927,14680,14034
2018-3,1816743,2733311,43,85,47,41,6,40,73,34,35,38,63,65,75,78,12,58,29,9,60,59,27,27,66,38,71,46,52,83,68,27,42,65,72,60,92,57,83,55,13,0,28,36,46,76,46,83,56,35,67,51,27,69,89,61,60,100,56,0,29,81,60,72,66,56,76,41,20,76,22,85,71,0,79,86,0,100,100,36,57,30,27,55,54,42,18,60,65,57,8,75,17,45,30,25,75,74,0,1,39,64,42,35,24,83,46,19,53,33,18,6,55,30,66,32,52,26,12,21,70,75,39,39,41,18,34,54,55,45,31,30,16,80,80,72,60,66,60,46,0,53,32,34,33,0,51,93,16,61,37,50,81,39,0,75,81,96,90,66,59,97,24,0,81,51,13,93,63,51,43,22,40,12,30,76,48,36,87,68,78,58,0,71,70,87,79,72,69,49,65,34,36,60,0,29,46,63,39,51,50,32,42,46,23,78,55,79,85,42,9,87,78432,1447,25252,2462785,1568,71365,74096,78183,8792,29471,8040,28638,54255,4425,285876,159230,12347,4658,20830,17090,98400,35529,51597,2055,11739,8073,118,1855,24744,34901,12002,24985,14730,871289,4650,370199,16834,54287,243583,53708,19693,31562,19949,10404,13011
2018-4,2060662,2960879,38,82,39,40,6,39,62,35,31,22,69,35,63,78,77,60,30,9,58,84,31,26,67,29,62,46,50,81,79,31,44,58,71,61,64,51,66,56,14,8,0,43,42,74,42,82,56,35,82,86,32,18,91,50,54,85,41,16,29,76,63,71,72,53,87,33,23,45,47,85,66,0,76,74,0,84,63,24,54,44,28,52,59,39,38,55,74,52,14,64,30,36,31,21,73,81,0,0,27,68,22,31,15,46,59,16,40,33,37,6,50,31,64,34,51,60,12,24,51,74,47,40,38,16,29,53,39,42,22,15,18,28,82,85,41,59,41,34,0,52,33,35,73,23,86,93,51,50,31,49,76,35,0,70,83,88,84,61,60,82,8,0,69,52,12,100,88,62,42,18,37,17,32,78,54,19,91,79,76,58,0,60,72,80,79,71,66,49,63,30,52,56,0,29,49,60,27,60,53,27,40,45,48,66,57,83,85,32,9,86,72342,1272,24371,2424380,2226,63828,61794,75079,7929,35601,9984,23732,49939,6042,251715,164521,10180,4549,22206,17646,103006,28342,50077,1855,11139,8735,177,1927,22788,38291,13256,29571,13155,879074,4609,392541,16604,53036,225785,57246,21634,32689,19977,8374,13618
2018-5,1860906,2704745,55,65,39,30,5,37,54,37,32,23,87,52,62,93,100,55,30,0,57,60,29,27,71,44,56,47,50,75,72,29,38,62,81,57,58,42,69,53,6,8,29,42,40,66,40,78,50,49,77,83,27,0,84,42,53,74,37,16,32,85,75,55,70,47,60,35,26,49,46,84,65,0,74,65,0,83,31,41,50,39,14,57,46,34,37,52,28,50,22,71,41,32,40,30,69,78,0,0,22,64,43,31,10,30,54,22,28,31,63,19,49,15,71,32,65,13,24,27,37,74,42,40,38,17,25,55,53,39,43,0,12,21,80,81,45,49,45,23,0,49,28,37,38,0,83,74,17,42,30,48,85,39,0,66,86,88,85,60,59,78,29,0,61,43,25,96,61,64,44,11,37,12,33,68,51,55,88,61,76,57,0,58,62,55,78,81,57,45,62,15,44,59,0,32,40,58,22,20,50,29,39,42,27,76,60,80,84,40,0,86,70694,935,25969,2199842,2335,70161,69185,86684,7770,47544,10466,21652,46102,5606,261431,152904,9367,4528,18614,15661,71506,25605,44112,1544,11407,8180,,2329,22230,44271,18574,26125,13757,911651,4303,390843,14902,53017,187934,42887,19830,32674,18295,5301,16122
2018-6,1752222,2602853,60,64,39,36,5,36,49,32,27,40,72,59,52,81,25,62,26,0,59,39,26,17,71,33,55,42,51,72,75,26,44,69,69,62,54,62,61,43,6,0,45,59,44,67,44,77,48,48,62,68,28,71,80,52,46,100,54,0,29,74,81,69,69,48,61,28,25,62,52,77,63,0,74,53,0,87,23,24,48,26,10,54,53,37,38,49,48,48,17,64,0,50,46,25,69,69,0,0,36,64,22,29,15,43,54,14,61,32,28,13,45,26,67,34,49,26,0,23,68,72,41,39,34,14,41,60,48,40,22,15,18,74,85,71,56,56,56,44,0,48,24,32,53,0,68,77,0,52,85,59,74,36,0,68,76,84,78,64,59,65,22,0,65,42,18,85,59,41,46,17,30,12,29,69,52,13,83,77,73,55,0,68,52,63,76,69,79,41,58,18,52,67,0,29,40,54,36,48,50,24,48,40,62,75,70,86,77,30,0,83,64731,794,23925,2596130,2227,59533,60029,81434,7610,34736,8787,19104,44251,5743,244612,158764,6262,3927,17402,15291,79443,30016,43074,2194,11370,8047,424,1356,21150,49214,16274,32818,14225,812034,4805,307302,15325,49414,220883,45605,20592,33706,26101,6471,13155
2018-7,2168413,3034297,40,58,42,27,5,36,32,27,23,27,87,66,56,76,62,60,26,4,62,65,21,22,77,32,65,43,100,83,68,21,40,53,65,48,48,48,63,41,8,0,86,42,39,70,39,77,52,45,60,58,28,17,82,47,56,76,23,16,29,71,93,54,65,19,59,33,16,44,11,74,68,0,73,66,0,92,39,30,47,38,7,56,48,33,37,50,41,45,24,68,23,29,10,24,68,85,0,1,32,67,42,30,15,59,50,12,33,35,18,13,48,25,70,33,44,32,23,27,52,65,42,37,34,15,34,50,36,45,21,15,16,33,82,64,48,48,48,27,0,52,27,27,47,0,58,73,17,47,35,55,71,40,0,67,83,80,81,58,57,85,24,0,57,50,22,85,49,62,41,17,32,18,28,76,54,12,77,68,77,54,0,55,70,61,71,65,50,39,54,17,41,72,0,29,45,53,32,49,42,25,38,39,23,58,58,93,74,34,4,85,73030,2819,24999,2894732,2372,60427,60294,94965,8355,33733,9234,25574,85860,6157,420079,167106,6789,4939,22503,18581,76148,30779,46860,3588,12641,8852,356,2632,24112,50790,17797,34163,12627,907048,6088,397118,21381,55114,255067,45960,28215,39392,36804,6442,15811
2018-8,2527309,3403503,72,66,39,38,5,38,34,32,25,25,53,44,56,78,36,64,27,4,56,32,25,34,71,23,55,41,54,83,83,25,41,79,70,58,87,74,63,45,13,0,0,77,40,67,40,88,51,37,64,74,28,0,88,51,60,68,59,16,28,78,100,60,63,37,60,31,24,77,28,80,68,0,76,57,0,92,22,42,49,59,13,58,49,37,55,53,60,50,27,63,12,24,20,23,73,81,0,0,37,67,31,33,22,39,55,17,28,34,27,12,49,25,70,31,52,38,17,25,60,61,46,36,34,14,47,47,41,44,21,15,15,34,82,74,46,53,46,44,0,50,28,32,19,0,74,80,25,51,40,49,78,42,0,69,79,77,82,67,54,71,24,0,68,52,13,90,63,64,43,39,32,20,37,77,48,49,76,56,74,55,0,53,54,67,75,70,54,40,69,17,40,66,0,28,46,57,37,51,54,23,42,41,26,72,57,95,80,34,4,81,80759,2991,24613,2918829,1838,58802,66013,91099,8486,33348,8625,24059,68064,4636,220105,182350,9668,7757,27416,21610,110433,31709,50522,3435,14285,9441,655,3282,26642,60258,20187,27999,13569,963221,6383,321615,23051,58641,278742,56245,31759,40146,40880,4958,17489
